,idMisuraPrimaria,idAnimale,codiceIstat,siglaProvincia,codiceSpecieAIA,codiceRazzaAIA,giorno,mese,anno,DataSessioneMungitura,Mungitura,DurataSessioneMungitura,SoftwareDiPrecisionFarmingCheFornisceIlDato,identifying_column
0,-9223372034216142309,-9223372036849326551,24,VI,C4,11,31,3,2022,2022-03-31 18:36:00,600.0,174.0,dairyplan,-9223372036849326551_2022-03-31 18:36:00
1,-9223372034216142314,-9223372036849326551,24,VI,C4,11,31,3,2022,2022-03-31 07:56:00,1340.0,292.0,dairyplan,-9223372036849326551_2022-03-31 07:56:00
2,-9223372034219003297,-9223372036849326551,24,VI,C4,11,30,3,2022,2022-03-30 08:05:00,1370.0,303.0,dairyplan,-9223372036849326551_2022-03-30 08:05:00
3,-9223372034224014549,-9223372036849326551,24,VI,C4,11,27,3,2022,2022-03-27 19:14:00,1140.0,292.0,dairyplan,-9223372036849326551_2022-03-27 19:14:00
4,-9223372034227237945,-9223372036849326551,24,VI,C4,11,26,3,2022,2022-03-26 08:12:00,9730.0,,dairyplan,-9223372036849326551_2022-03-26 08:12:00
5,-9223372034227983204,-9223372036849326551,24,VI,C4,11,25,3,2022,2022-03-25 19:35:00,3310.0,972.0,dairyplan,-9223372036849326551_2022-03-25 19:35:00
6,-9223372033897532092,-9223372036849326551,24,VI,C4,11,25,4,2022,2022-04-25 18:25:00,1190.0,312.0,dairyplan,-9223372036849326551_2022-04-25 18:25:00
7,-9223372034155355896,-9223372036849326551,24,VI,C4,11,15,4,2022,2022-04-15 18:18:00,1160.0,220.0,dairyplan,-9223372036849326551_2022-04-15 18:18:00
8,-9223372033156259991,-9223372036849326551,24,VI,C4,11,13,5,2022,2022-05-13 17:11:00,850.0,272.0,dairyplan,-9223372036849326551_2022-05-13 17:11:00
9,-9223372033156260170,-9223372036849534743,24,VI,C4,11,22,7,2022,2022-07-22 18:05:00,1480.0,372.0,dairyplan,-9223372036849534743_2022-07-22 18:05:00
10,-9223372032524021404,-9223372036849326551,24,VI,C4,11,13,3,2023,2023-03-13 07:13:00,1540.0,296.0,dairyplan,-9223372036849326551_2023-03-13 07:13:00
11,-9223372032526360739,-9223372036849326551,24,VI,C4,11,12,3,2023,2023-03-12 17:29:00,1090.0,246.0,dairyplan,-9223372036849326551_2023-03-12 17:29:00
12,-9223372032526570635,-9223372036849326551,24,VI,C4,11,12,3,2023,2023-03-12 06:56:00,360.0,144.0,dairyplan,-9223372036849326551_2023-03-12 06:56:00
13,-9223372032526579462,-9223372036849534743,24,VI,C4,11,12,3,2023,2023-03-12 07:51:00,810.0,253.0,dairyplan,-9223372036849534743_2023-03-12 07:51:00
14,-9223372032526794644,-9223372036849326551,24,VI,C4,11,11,3,2023,2023-03-11 19:35:00,1850.0,469.0,dairyplan,-9223372036849326551_2023-03-11 19:35:00
15,-9223372032528882541,-9223372036849326551,24,VI,C4,11,11,3,2023,2023-03-11 06:36:00,1490.0,279.0,dairyplan,-9223372036849326551_2023-03-11 06:36:00
16,-9223372032532961585,-9223372036849326551,24,VI,C4,11,10,3,2023,2023-03-10 06:29:00,1490.0,283.0,dairyplan,-9223372036849326551_2023-03-10 06:29:00
17,-9223372032533504703,-9223372036849326551,24,VI,C4,11,9,3,2023,2023-03-09 18:59:00,2430.0,488.0,dairyplan,-9223372036849326551_2023-03-09 18:59:00
18,-9223372032535945844,-9223372036849326551,24,VI,C4,11,9,3,2023,2023-03-09 16:54:00,950.0,219.0,dairyplan,-9223372036849326551_2023-03-09 16:54:00
19,-9223372032536481953,-9223372036849326551,24,VI,C4,11,9,3,2023,2023-03-09 07:01:00,1840.0,460.0,dairyplan,-9223372036849326551_2023-03-09 07:01:00
20,-9223372032537150593,-9223372036849326551,24,VI,C4,11,8,3,2023,2023-03-08 18:37:00,1370.0,450.0,dairyplan,-9223372036849326551_2023-03-08 18:37:00
21,-9223372032539861087,-9223372036849326551,24,VI,C4,11,8,3,2023,2023-03-08 06:32:00,1210.0,273.0,dairyplan,-9223372036849326551_2023-03-08 06:32:00
22,-9223372032543276305,-9223372036849326551,24,VI,C4,11,7,3,2023,2023-03-07 17:56:00,1320.0,372.0,dairyplan,-9223372036849326551_2023-03-07 17:56:00
23,-9223372032543760834,-9223372036849326551,24,VI,C4,11,7,3,2023,2023-03-07 06:33:00,1390.0,434.0,dairyplan,-9223372036849326551_2023-03-07 06:33:00
24,-9223372032547745716,-9223372036849326551,24,VI,C4,11,6,3,2023,2023-03-06 07:26:00,1710.0,363.0,dairyplan,-9223372036849326551_2023-03-06 07:26:00
25,-9223372032550020274,-9223372036849326551,24,VI,C4,11,5,3,2023,2023-03-05 16:43:00,1250.0,213.0,dairyplan,-9223372036849326551_2023-03-05 16:43:00
26,-9223372032550197745,-9223372036849326551,24,VI,C4,11,5,3,2023,2023-03-05 06:16:00,1550.0,293.0,dairyplan,-9223372036849326551_2023-03-05 06:16:00
27,-9223372032552376762,-9223372036849326551,24,VI,C4,11,4,3,2023,2023-03-04 17:29:00,1270.0,269.0,dairyplan,-9223372036849326551_2023-03-04 17:29:00
28,-9223372032552642671,-9223372036849326551,24,VI,C4,11,4,3,2023,2023-03-04 06:55:00,1450.0,331.0,dairyplan,-9223372036849326551_2023-03-04 06:55:00
29,-9223372032555575391,-9223372036849326551,24,VI,C4,11,3,3,2023,2023-03-03 17:41:00,1510.0,501.0,dairyplan,-9223372036849326551_2023-03-03 17:41:00
30,-9223372032556342987,-9223372036849326551,24,VI,C4,11,3,3,2023,2023-03-03 07:09:00,1380.0,368.0,dairyplan,-9223372036849326551_2023-03-03 07:09:00
31,-9223372032556908466,-9223372036849326551,24,VI,C4,11,2,3,2023,2023-03-02 18:06:00,1080.0,276.0,dairyplan,-9223372036849326551_2023-03-02 18:06:00
32,-9223372032559735357,-9223372036849326551,24,VI,C4,11,2,3,2023,2023-03-02 06:45:00,1840.0,471.0,dairyplan,-9223372036849326551_2023-03-02 06:45:00
33,-9223372032003766715,-9223372036849326551,24,VI,C4,11,30,6,2023,2023-06-30 18:15:00,1310.0,326.0,dairyplan,-9223372036849326551_2023-06-30 18:15:00
34,-9223372031844125976,-9223372036849534743,24,VI,C4,11,31,7,2023,2023-07-31 18:38:00,890.0,404.0,dairyplan,-9223372036849534743_2023-07-31 18:38:00
35,-9223372031847764010,-9223372036849326551,24,VI,C4,11,31,7,2023,2023-07-31 17:22:00,1190.0,664.0,dairyplan,-9223372036849326551_2023-07-31 17:22:00
36,-9223372031848791357,-9223372036849534743,24,VI,C4,11,31,7,2023,2023-07-31 07:35:00,1180.0,512.0,dairyplan,-9223372036849534743_2023-07-31 07:35:00
37,-9223372031848791892,-9223372036849326551,24,VI,C4,11,31,7,2023,2023-07-31 06:50:00,1390.0,716.0,dairyplan,-9223372036849326551_2023-07-31 06:50:00
38,-9223372031849402490,-9223372036849326551,24,VI,C4,11,30,7,2023,2023-07-30 18:15:00,2270.0,,dairyplan,-9223372036849326551_2023-07-30 18:15:00
39,-9223372031849402495,-9223372036849326551,24,VI,C4,11,30,7,2023,2023-07-30 17:52:00,1060.0,634.0,dairyplan,-9223372036849326551_2023-07-30 17:52:00
40,-9223372031851996466,-9223372036849326551,24,VI,C4,11,30,7,2023,2023-07-30 07:01:00,1070.0,788.0,dairyplan,-9223372036849326551_2023-07-30 07:01:00
41,-9223372031852283441,-9223372036849534743,24,VI,C4,11,29,7,2023,2023-07-29 18:21:00,910.0,453.0,dairyplan,-9223372036849534743_2023-07-29 18:21:00
42,-9223372031854760133,-9223372036849326551,24,VI,C4,11,29,7,2023,2023-07-29 17:18:00,1590.0,524.0,dairyplan,-9223372036849326551_2023-07-29 17:18:00
43,-9223372031855098443,-9223372036849534743,24,VI,C4,11,29,7,2023,2023-07-29 07:29:00,1280.0,278.0,dairyplan,-9223372036849534743_2023-07-29 07:29:00
44,-9223372031861142918,-9223372036849326551,24,VI,C4,11,28,7,2023,2023-07-28 18:45:00,990.0,218.0,dairyplan,-9223372036849326551_2023-07-28 18:45:00
45,-9223372031875236073,-9223372036849326551,24,VI,C4,11,28,7,2023,2023-07-28 17:26:00,1190.0,514.0,dairyplan,-9223372036849326551_2023-07-28 17:26:00
46,-9223372031876029493,-9223372036849534743,24,VI,C4,11,28,7,2023,2023-07-28 07:59:00,1900.0,324.0,dairyplan,-9223372036849534743_2023-07-28 07:59:00
47,-9223372031876037677,-9223372036849326551,24,VI,C4,11,28,7,2023,2023-07-28 08:23:00,1610.0,282.0,dairyplan,-9223372036849326551_2023-07-28 08:23:00
48,-9223372031876656590,-9223372036849534743,24,VI,C4,11,27,7,2023,2023-07-27 18:11:00,1450.0,239.0,dairyplan,-9223372036849534743_2023-07-27 18:11:00
49,-9223372031880082178,-9223372036849326551,24,VI,C4,11,27,7,2023,2023-07-27 17:21:00,980.0,765.0,dairyplan,-9223372036849326551_2023-07-27 17:21:00
50,-9223372031880884563,-9223372036849326551,24,VI,C4,11,27,7,2023,2023-07-27 06:50:00,1940.0,541.0,dairyplan,-9223372036849326551_2023-07-27 06:50:00
51,-9223372031885005558,-9223372036849326551,24,VI,C4,11,26,7,2023,2023-07-26 07:04:00,2620.0,,dairyplan,-9223372036849326551_2023-07-26 07:04:00
52,-9223372031888958243,-9223372036849326551,24,VI,C4,11,25,7,2023,2023-07-25 17:38:00,1150.0,378.0,dairyplan,-9223372036849326551_2023-07-25 17:38:00
53,-9223372031889104015,-9223372036849326551,24,VI,C4,11,25,7,2023,2023-07-25 07:46:00,970.0,318.0,dairyplan,-9223372036849326551_2023-07-25 07:46:00
54,-9223372031894360355,-9223372036849326551,24,VI,C4,11,24,7,2023,2023-07-24 17:53:00,1200.0,632.0,dairyplan,-9223372036849326551_2023-07-24 17:53:00
55,-9223372031907293553,-9223372036849326551,24,VI,C4,11,21,7,2023,2023-07-21 06:53:00,980.0,513.0,dairyplan,-9223372036849326551_2023-07-21 06:53:00
56,-9223372031907679049,-9223372036849326551,24,VI,C4,11,20,7,2023,2023-07-20 19:23:00,1490.0,511.0,dairyplan,-9223372036849326551_2023-07-20 19:23:00
57,-9223372031912961227,-9223372036849326551,24,VI,C4,11,20,7,2023,2023-07-20 07:09:00,2370.0,,dairyplan,-9223372036849326551_2023-07-20 07:09:00
58,-9223372031913640592,-9223372036849326551,24,VI,C4,11,19,7,2023,2023-07-19 18:38:00,1320.0,437.0,dairyplan,-9223372036849326551_2023-07-19 18:38:00
59,-9223372031916894099,-9223372036849326551,24,VI,C4,11,19,7,2023,2023-07-19 07:05:00,1090.0,599.0,dairyplan,-9223372036849326551_2023-07-19 07:05:00
60,-9223372031925481248,-9223372036849326551,24,VI,C4,11,17,7,2023,2023-07-17 17:16:00,1020.0,574.0,dairyplan,-9223372036849326551_2023-07-17 17:16:00
61,-9223372031926584716,-9223372036849326551,24,VI,C4,11,17,7,2023,2023-07-17 08:07:00,1320.0,252.0,dairyplan,-9223372036849326551_2023-07-17 08:07:00
62,-9223372031927181958,-9223372036849326551,24,VI,C4,11,16,7,2023,2023-07-16 20:06:00,1350.0,368.0,dairyplan,-9223372036849326551_2023-07-16 20:06:00
63,-9223372031930383714,-9223372036849326551,24,VI,C4,11,16,7,2023,2023-07-16 06:37:00,1170.0,584.0,dairyplan,-9223372036849326551_2023-07-16 06:37:00
64,-9223372031933630757,-9223372036849326551,24,VI,C4,11,15,7,2023,2023-07-15 17:33:00,1630.0,416.0,dairyplan,-9223372036849326551_2023-07-15 17:33:00
65,-9223372031933985248,-9223372036849326551,24,VI,C4,11,15,7,2023,2023-07-15 07:10:00,1410.0,341.0,dairyplan,-9223372036849326551_2023-07-15 07:10:00
66,-9223372031934264020,-9223372036849326551,24,VI,C4,11,14,7,2023,2023-07-14 18:26:00,1080.0,570.0,dairyplan,-9223372036849326551_2023-07-14 18:26:00
67,-9223372031939365260,-9223372036849326551,24,VI,C4,11,13,7,2023,2023-07-13 18:36:00,1030.0,631.0,dairyplan,-9223372036849326551_2023-07-13 18:36:00
68,-9223372031943388135,-9223372036849326551,24,VI,C4,11,13,7,2023,2023-07-13 06:38:00,1460.0,477.0,dairyplan,-9223372036849326551_2023-07-13 06:38:00
69,-9223372031943391359,-9223372036849326551,24,VI,C4,11,12,7,2023,2023-07-12 17:35:00,970.0,671.0,dairyplan,-9223372036849326551_2023-07-12 17:35:00
70,-9223372031943445686,-9223372036849326551,24,VI,C4,11,12,7,2023,2023-07-12 08:15:00,2000.0,424.0,dairyplan,-9223372036849326551_2023-07-12 08:15:00
71,-9223372031953652309,-9223372036849326551,24,VI,C4,11,11,7,2023,2023-07-11 17:23:00,1340.0,289.0,dairyplan,-9223372036849326551_2023-07-11 17:23:00
72,-9223372031954350292,-9223372036849326551,24,VI,C4,11,11,7,2023,2023-07-11 07:22:00,1310.0,369.0,dairyplan,-9223372036849326551_2023-07-11 07:22:00
73,-9223372031955029252,-9223372036849326551,24,VI,C4,11,10,7,2023,2023-07-10 18:42:00,1270.0,346.0,dairyplan,-9223372036849326551_2023-07-10 18:42:00
74,-9223372031960447206,-9223372036849326551,24,VI,C4,11,10,7,2023,2023-07-10 07:09:00,1690.0,597.0,dairyplan,-9223372036849326551_2023-07-10 07:09:00
75,-9223372031961478674,-9223372036849326551,24,VI,C4,11,9,7,2023,2023-07-09 18:12:00,1180.0,478.0,dairyplan,-9223372036849326551_2023-07-09 18:12:00
76,-9223372031964526808,-9223372036849326551,24,VI,C4,11,9,7,2023,2023-07-09 07:10:00,1260.0,314.0,dairyplan,-9223372036849326551_2023-07-09 07:10:00
77,-9223372031967752805,-9223372036849326551,24,VI,C4,11,8,7,2023,2023-07-08 17:44:00,1290.0,548.0,dairyplan,-9223372036849326551_2023-07-08 17:44:00
78,-9223372031968133659,-9223372036849326551,24,VI,C4,11,8,7,2023,2023-07-08 06:14:00,1550.0,531.0,dairyplan,-9223372036849326551_2023-07-08 06:14:00
79,-9223372031971932641,-9223372036849326551,24,VI,C4,11,7,7,2023,2023-07-07 17:43:00,1770.0,671.0,dairyplan,-9223372036849326551_2023-07-07 17:43:00
80,-9223372031973368469,-9223372036849326551,24,VI,C4,11,6,7,2023,2023-07-06 18:17:00,1150.0,464.0,dairyplan,-9223372036849326551_2023-07-06 18:17:00
81,-9223372031977982682,-9223372036849326551,24,VI,C4,11,6,7,2023,2023-07-06 06:53:00,1340.0,399.0,dairyplan,-9223372036849326551_2023-07-06 06:53:00
82,-9223372031981160031,-9223372036849326551,24,VI,C4,11,5,7,2023,2023-07-05 17:28:00,1240.0,669.0,dairyplan,-9223372036849326551_2023-07-05 17:28:00
83,-9223372031983215038,-9223372036849326551,24,VI,C4,11,5,7,2023,2023-07-05 06:16:00,1340.0,308.0,dairyplan,-9223372036849326551_2023-07-05 06:16:00
84,-9223372031989421048,-9223372036849326551,24,VI,C4,11,4,7,2023,2023-07-04 17:42:00,970.0,230.0,dairyplan,-9223372036849326551_2023-07-04 17:42:00
85,-9223372031990148111,-9223372036849326551,24,VI,C4,11,4,7,2023,2023-07-04 07:03:00,1330.0,411.0,dairyplan,-9223372036849326551_2023-07-04 07:03:00
86,-9223372031994973163,-9223372036849326551,24,VI,C4,11,3,7,2023,2023-07-03 17:10:00,1430.0,883.0,dairyplan,-9223372036849326551_2023-07-03 17:10:00
87,-9223372031995939319,-9223372036849326551,24,VI,C4,11,3,7,2023,2023-07-03 06:41:00,1150.0,400.0,dairyplan,-9223372036849326551_2023-07-03 06:41:00
88,-9223372031996638179,-9223372036849326551,24,VI,C4,11,2,7,2023,2023-07-02 18:21:00,1810.0,521.0,dairyplan,-9223372036849326551_2023-07-02 18:21:00
89,-9223372031999760574,-9223372036849326551,24,VI,C4,11,2,7,2023,2023-07-02 06:13:00,1360.0,459.0,dairyplan,-9223372036849326551_2023-07-02 06:13:00
90,-9223372032002891858,-9223372036849326551,24,VI,C4,11,1,7,2023,2023-07-01 16:54:00,1200.0,409.0,dairyplan,-9223372036849326551_2023-07-01 16:54:00
91,-9223372032003079593,-9223372036849326551,24,VI,C4,11,1,7,2023,2023-07-01 06:44:00,1140.0,239.0,dairyplan,-9223372036849326551_2023-07-01 06:44:00
92,-9223372031714904133,-9223372036849326551,24,VI,C4,11,31,8,2023,2023-08-31 18:47:00,9430.0,,dairyplan,-9223372036849326551_2023-08-31 18:47:00
93,-9223372031717559315,-9223372036849326551,24,VI,C4,11,31,8,2023,2023-08-31 17:59:00,4380.0,,dairyplan,-9223372036849326551_2023-08-31 17:59:00
94,-9223372031718514926,-9223372036849326551,24,VI,C4,11,31,8,2023,2023-08-31 07:26:00,7810.0,,dairyplan,-9223372036849326551_2023-08-31 07:26:00
95,-9223372031720236797,-9223372036849326551,24,VI,C4,11,30,8,2023,2023-08-30 18:26:00,6280.0,,dairyplan,-9223372036849326551_2023-08-30 18:26:00
96,-9223372031722743285,-9223372036849326551,24,VI,C4,11,30,8,2023,2023-08-30 17:56:00,4300.0,,dairyplan,-9223372036849326551_2023-08-30 17:56:00
97,-9223372031723580848,-9223372036849326551,24,VI,C4,11,30,8,2023,2023-08-30 07:47:00,8230.0,,dairyplan,-9223372036849326551_2023-08-30 07:47:00
98,-9223372031725642420,-9223372036849326551,24,VI,C4,11,29,8,2023,2023-08-29 19:17:00,6760.0,,dairyplan,-9223372036849326551_2023-08-29 19:17:00
99,-9223372031729532901,-9223372036849326551,24,VI,C4,11,29,8,2023,2023-08-29 08:34:00,8150.0,,dairyplan,-9223372036849326551_2023-08-29 08:34:00
100,-9223372031731112822,-9223372036849326551,24,VI,C4,11,28,8,2023,2023-08-28 18:48:00,6990.0,,dairyplan,-9223372036849326551_2023-08-28 18:48:00
101,-9223372031733764374,-9223372036849326551,24,VI,C4,11,28,8,2023,2023-08-28 17:57:00,2870.0,,dairyplan,-9223372036849326551_2023-08-28 17:57:00
102,-9223372031734789793,-9223372036849326551,24,VI,C4,11,28,8,2023,2023-08-28 07:59:00,7940.0,,dairyplan,-9223372036849326551_2023-08-28 07:59:00
103,-9223372031736477364,-9223372036849326551,24,VI,C4,11,27,8,2023,2023-08-27 18:50:00,900.0,482.0,dairyplan,-9223372036849326551_2023-08-27 18:50:00
104,-9223372031738280400,-9223372036849326551,24,VI,C4,11,27,8,2023,2023-08-27 17:56:00,1160.0,552.0,dairyplan,-9223372036849326551_2023-08-27 17:56:00
105,-9223372031738598882,-9223372036849326551,24,VI,C4,11,27,8,2023,2023-08-27 07:39:00,6170.0,,dairyplan,-9223372036849326551_2023-08-27 07:39:00
106,-9223372031739831652,-9223372036849326551,24,VI,C4,11,26,8,2023,2023-08-26 18:59:00,1140.0,291.0,dairyplan,-9223372036849326551_2023-08-26 18:59:00
107,-9223372031741407110,-9223372036849326551,24,VI,C4,11,26,8,2023,2023-08-26 17:52:00,1040.0,198.0,dairyplan,-9223372036849326551_2023-08-26 17:52:00
108,-9223372031741731010,-9223372036849326551,24,VI,C4,11,26,8,2023,2023-08-26 07:28:00,7090.0,,dairyplan,-9223372036849326551_2023-08-26 07:28:00
109,-9223372031743061519,-9223372036849326551,24,VI,C4,11,25,8,2023,2023-08-25 18:51:00,1440.0,397.0,dairyplan,-9223372036849326551_2023-08-25 18:51:00
110,-9223372031745403410,-9223372036849326551,24,VI,C4,11,25,8,2023,2023-08-25 17:58:00,930.0,434.0,dairyplan,-9223372036849326551_2023-08-25 17:58:00
111,-9223372031746379405,-9223372036849326551,24,VI,C4,11,25,8,2023,2023-08-25 07:45:00,1260.0,613.0,dairyplan,-9223372036849326551_2023-08-25 07:45:00
112,-9223372031747696676,-9223372036849326551,24,VI,C4,11,25,8,2023,2023-08-25 05:58:00,1300.0,624.0,dairyplan,-9223372036849326551_2023-08-25 05:58:00
113,-9223372031750356707,-9223372036849326551,24,VI,C4,11,24,8,2023,2023-08-24 17:58:00,3010.0,,dairyplan,-9223372036849326551_2023-08-24 17:58:00
114,-9223372031751356102,-9223372036849326551,24,VI,C4,11,24,8,2023,2023-08-24 07:53:00,7080.0,,dairyplan,-9223372036849326551_2023-08-24 07:53:00
115,-9223372031752726644,-9223372036849326551,24,VI,C4,11,23,8,2023,2023-08-23 18:57:00,30.0,10.0,dairyplan,-9223372036849326551_2023-08-23 18:57:00
116,-9223372031754832142,-9223372036848602130,24,VI,C4,11,23,8,2023,2023-08-23 17:58:00,2110.0,,dairyplan,-9223372036848602130_2023-08-23 17:58:00
117,-9223372031755305089,-9223372036849534743,24,VI,C4,11,23,8,2023,2023-08-23 07:56:00,970.0,571.0,dairyplan,-9223372036849534743_2023-08-23 07:56:00
118,-9223372031755322872,-9223372036849326551,24,VI,C4,11,23,8,2023,2023-08-23 06:55:00,1040.0,380.0,dairyplan,-9223372036849326551_2023-08-23 06:55:00
119,-9223372031756671427,-9223372036848602130,24,VI,C4,11,22,8,2023,2023-08-22 18:02:00,1460.0,400.0,dairyplan,-9223372036848602130_2023-08-22 18:02:00
120,-9223372031756808798,-9223372036849534743,24,VI,C4,11,22,8,2023,2023-08-22 19:20:00,1150.0,751.0,dairyplan,-9223372036849534743_2023-08-22 19:20:00
121,-9223372031756817084,-9223372036849326551,24,VI,C4,11,22,8,2023,2023-08-22 18:36:00,1180.0,267.0,dairyplan,-9223372036849326551_2023-08-22 18:36:00
122,-9223372031759166235,-9223372036849534743,24,VI,C4,11,22,8,2023,2023-08-22 07:37:00,1170.0,581.0,dairyplan,-9223372036849534743_2023-08-22 07:37:00
123,-9223372031759173151,-9223372036849326551,24,VI,C4,11,22,8,2023,2023-08-22 06:29:00,1220.0,490.0,dairyplan,-9223372036849326551_2023-08-22 06:29:00
124,-9223372031759193881,-9223372036848602130,24,VI,C4,11,22,8,2023,2023-08-22 06:36:00,1620.0,861.0,dairyplan,-9223372036848602130_2023-08-22 06:36:00
125,-9223372031759714645,-9223372036849534743,24,VI,C4,11,21,8,2023,2023-08-21 18:51:00,970.0,413.0,dairyplan,-9223372036849534743_2023-08-21 18:51:00
126,-9223372031762751007,-9223372036848602130,24,VI,C4,11,21,8,2023,2023-08-21 17:24:00,2320.0,,dairyplan,-9223372036848602130_2023-08-21 17:24:00
127,-9223372031762751912,-9223372036849326551,24,VI,C4,11,21,8,2023,2023-08-21 17:11:00,1510.0,553.0,dairyplan,-9223372036849326551_2023-08-21 17:11:00
128,-9223372031763291952,-9223372036849534743,24,VI,C4,11,21,8,2023,2023-08-21 07:33:00,1080.0,496.0,dairyplan,-9223372036849534743_2023-08-21 07:33:00
129,-9223372031763297275,-9223372036848602130,24,VI,C4,11,21,8,2023,2023-08-21 07:01:00,1170.0,512.0,dairyplan,-9223372036848602130_2023-08-21 07:01:00
130,-9223372031763315585,-9223372036849326551,24,VI,C4,11,21,8,2023,2023-08-21 07:26:00,1480.0,655.0,dairyplan,-9223372036849326551_2023-08-21 07:26:00
131,-9223372031763871179,-9223372036849534743,24,VI,C4,11,20,8,2023,2023-08-20 18:16:00,690.0,523.0,dairyplan,-9223372036849534743_2023-08-20 18:16:00
132,-9223372031766425117,-9223372036848602130,24,VI,C4,11,20,8,2023,2023-08-20 17:08:00,1310.0,701.0,dairyplan,-9223372036848602130_2023-08-20 17:08:00
133,-9223372031766720706,-9223372036849534743,24,VI,C4,11,20,8,2023,2023-08-20 07:56:00,1310.0,963.0,dairyplan,-9223372036849534743_2023-08-20 07:56:00
134,-9223372031766744770,-9223372036849326551,24,VI,C4,11,20,8,2023,2023-08-20 06:59:00,1810.0,764.0,dairyplan,-9223372036849326551_2023-08-20 06:59:00
135,-9223372031767043461,-9223372036849534743,24,VI,C4,11,19,8,2023,2023-08-19 18:43:00,1180.0,648.0,dairyplan,-9223372036849534743_2023-08-19 18:43:00
136,-9223372031769447609,-9223372036849326551,24,VI,C4,11,19,8,2023,2023-08-19 17:42:00,1200.0,570.0,dairyplan,-9223372036849326551_2023-08-19 17:42:00
137,-9223372031769448768,-9223372036848602130,24,VI,C4,11,19,8,2023,2023-08-19 17:20:00,1310.0,963.0,dairyplan,-9223372036848602130_2023-08-19 17:20:00
138,-9223372031769777950,-9223372036848602130,24,VI,C4,11,19,8,2023,2023-08-19 06:35:00,1300.0,541.0,dairyplan,-9223372036848602130_2023-08-19 06:35:00
139,-9223372031769781825,-9223372036849534743,24,VI,C4,11,19,8,2023,2023-08-19 07:57:00,1220.0,717.0,dairyplan,-9223372036849534743_2023-08-19 07:57:00
140,-9223372031769790653,-9223372036849326551,24,VI,C4,11,19,8,2023,2023-08-19 07:14:00,1600.0,311.0,dairyplan,-9223372036849326551_2023-08-19 07:14:00
141,-9223372031770162247,-9223372036849534743,24,VI,C4,11,18,8,2023,2023-08-18 19:37:00,1000.0,643.0,dairyplan,-9223372036849534743_2023-08-18 19:37:00
142,-9223372031773132755,-9223372036848602130,24,VI,C4,11,18,8,2023,2023-08-18 07:23:00,1440.0,777.0,dairyplan,-9223372036848602130_2023-08-18 07:23:00
143,-9223372031773152328,-9223372036849534743,24,VI,C4,11,18,8,2023,2023-08-18 08:27:00,1190.0,512.0,dairyplan,-9223372036849534743_2023-08-18 08:27:00
144,-9223372031773595439,-9223372036848602130,24,VI,C4,11,17,8,2023,2023-08-17 18:58:00,1480.0,945.0,dairyplan,-9223372036848602130_2023-08-17 18:58:00
145,-9223372031773661284,-9223372036849534743,24,VI,C4,11,17,8,2023,2023-08-17 20:30:00,1320.0,442.0,dairyplan,-9223372036849534743_2023-08-17 20:30:00
146,-9223372031773740209,-9223372036849326551,24,VI,C4,11,17,8,2023,2023-08-17 18:55:00,1360.0,588.0,dairyplan,-9223372036849326551_2023-08-17 18:55:00
147,-9223372031776835145,-9223372036849534743,24,VI,C4,11,17,8,2023,2023-08-17 08:15:00,1420.0,408.0,dairyplan,-9223372036849534743_2023-08-17 08:15:00
148,-9223372031776841917,-9223372036849326551,24,VI,C4,11,17,8,2023,2023-08-17 07:26:00,2050.0,565.0,dairyplan,-9223372036849326551_2023-08-17 07:26:00
149,-9223372031777276891,-9223372036849534743,24,VI,C4,11,16,8,2023,2023-08-16 18:20:00,970.0,629.0,dairyplan,-9223372036849534743_2023-08-16 18:20:00
150,-9223372031780157844,-9223372036849326551,24,VI,C4,11,16,8,2023,2023-08-16 17:53:00,1190.0,600.0,dairyplan,-9223372036849326551_2023-08-16 17:53:00
151,-9223372031780554854,-9223372036848602130,24,VI,C4,11,16,8,2023,2023-08-16 07:06:00,1680.0,,dairyplan,-9223372036848602130_2023-08-16 07:06:00
152,-9223372031780571333,-9223372036849534743,24,VI,C4,11,16,8,2023,2023-08-16 07:44:00,930.0,936.0,dairyplan,-9223372036849534743_2023-08-16 07:44:00
153,-9223372031780581217,-9223372036849326551,24,VI,C4,11,16,8,2023,2023-08-16 06:59:00,1180.0,423.0,dairyplan,-9223372036849326551_2023-08-16 06:59:00
154,-9223372031780993244,-9223372036849534743,24,VI,C4,11,15,8,2023,2023-08-15 19:03:00,1410.0,762.0,dairyplan,-9223372036849534743_2023-08-15 19:03:00
155,-9223372031781073007,-9223372036849326551,24,VI,C4,11,15,8,2023,2023-08-15 18:23:00,1720.0,521.0,dairyplan,-9223372036849326551_2023-08-15 18:23:00
156,-9223372031784121914,-9223372036849534743,24,VI,C4,11,15,8,2023,2023-08-15 07:27:00,990.0,558.0,dairyplan,-9223372036849534743_2023-08-15 07:27:00
157,-9223372031784132288,-9223372036849326551,24,VI,C4,11,15,8,2023,2023-08-15 06:55:00,1130.0,717.0,dairyplan,-9223372036849326551_2023-08-15 06:55:00
158,-9223372031792546881,-9223372036849534743,24,VI,C4,11,14,8,2023,2023-08-14 07:41:00,1270.0,693.0,dairyplan,-9223372036849534743_2023-08-14 07:41:00
159,-9223372031792585420,-9223372036849326551,24,VI,C4,11,14,8,2023,2023-08-14 06:32:00,1080.0,379.0,dairyplan,-9223372036849326551_2023-08-14 06:32:00
160,-9223372031792587301,-9223372036848602130,24,VI,C4,11,14,8,2023,2023-08-14 06:15:00,1450.0,585.0,dairyplan,-9223372036848602130_2023-08-14 06:15:00
161,-9223372031792874409,-9223372036849534743,24,VI,C4,11,13,8,2023,2023-08-13 19:03:00,920.0,268.0,dairyplan,-9223372036849534743_2023-08-13 19:03:00
162,-9223372031792982488,-9223372036849326551,24,VI,C4,11,13,8,2023,2023-08-13 18:20:00,1610.0,770.0,dairyplan,-9223372036849326551_2023-08-13 18:20:00
163,-9223372031795787481,-9223372036849534743,24,VI,C4,11,13,8,2023,2023-08-13 07:34:00,1140.0,804.0,dairyplan,-9223372036849534743_2023-08-13 07:34:00
164,-9223372031795831139,-9223372036849326551,24,VI,C4,11,13,8,2023,2023-08-13 06:50:00,1280.0,453.0,dairyplan,-9223372036849326551_2023-08-13 06:50:00
165,-9223372031795843221,-9223372036848602130,24,VI,C4,11,13,8,2023,2023-08-13 06:29:00,1770.0,682.0,dairyplan,-9223372036848602130_2023-08-13 06:29:00
166,-9223372031796129622,-9223372036849534743,24,VI,C4,11,12,8,2023,2023-08-12 18:21:00,990.0,676.0,dairyplan,-9223372036849534743_2023-08-12 18:21:00
167,-9223372031798602913,-9223372036848602130,24,VI,C4,11,12,8,2023,2023-08-12 17:01:00,1380.0,817.0,dairyplan,-9223372036848602130_2023-08-12 17:01:00
168,-9223372031798614304,-9223372036849326551,24,VI,C4,11,12,8,2023,2023-08-12 16:59:00,1140.0,703.0,dairyplan,-9223372036849326551_2023-08-12 16:59:00
169,-9223372031798896812,-9223372036849326551,24,VI,C4,11,12,8,2023,2023-08-12 06:35:00,3550.0,,dairyplan,-9223372036849326551_2023-08-12 06:35:00
170,-9223372031798899906,-9223372036848602130,24,VI,C4,11,12,8,2023,2023-08-12 06:11:00,1510.0,363.0,dairyplan,-9223372036848602130_2023-08-12 06:11:00
171,-9223372031798936957,-9223372036849534743,24,VI,C4,11,12,8,2023,2023-08-12 07:43:00,1090.0,518.0,dairyplan,-9223372036849534743_2023-08-12 07:43:00
172,-9223372031799338922,-9223372036849534743,24,VI,C4,11,11,8,2023,2023-08-11 18:41:00,1200.0,921.0,dairyplan,-9223372036849534743_2023-08-11 18:41:00
173,-9223372031802520680,-9223372036849534743,24,VI,C4,11,11,8,2023,2023-08-11 07:42:00,1070.0,800.0,dairyplan,-9223372036849534743_2023-08-11 07:42:00
174,-9223372031802564128,-9223372036849326551,24,VI,C4,11,11,8,2023,2023-08-11 06:54:00,1590.0,698.0,dairyplan,-9223372036849326551_2023-08-11 06:54:00
175,-9223372031802567636,-9223372036848602130,24,VI,C4,11,11,8,2023,2023-08-11 06:17:00,1420.0,694.0,dairyplan,-9223372036848602130_2023-08-11 06:17:00
176,-9223372031802974269,-9223372036849326551,24,VI,C4,11,10,8,2023,2023-08-10 18:02:00,1210.0,527.0,dairyplan,-9223372036849326551_2023-08-10 18:02:00
177,-9223372031803053254,-9223372036849534743,24,VI,C4,11,10,8,2023,2023-08-10 18:50:00,1090.0,445.0,dairyplan,-9223372036849534743_2023-08-10 18:50:00
178,-9223372031806868625,-9223372036849326551,24,VI,C4,11,10,8,2023,2023-08-10 06:45:00,870.0,627.0,dairyplan,-9223372036849326551_2023-08-10 06:45:00
179,-9223372031806877325,-9223372036849534743,24,VI,C4,11,10,8,2023,2023-08-10 07:52:00,1030.0,218.0,dairyplan,-9223372036849534743_2023-08-10 07:52:00
180,-9223372031807358161,-9223372036848602130,24,VI,C4,11,9,8,2023,2023-08-09 19:28:00,1590.0,738.0,dairyplan,-9223372036848602130_2023-08-09 19:28:00
181,-9223372031807437102,-9223372036849534743,24,VI,C4,11,9,8,2023,2023-08-09 20:41:00,900.0,355.0,dairyplan,-9223372036849534743_2023-08-09 20:41:00
182,-9223372031810772634,-9223372036848602130,24,VI,C4,11,9,8,2023,2023-08-09 07:34:00,1840.0,849.0,dairyplan,-9223372036848602130_2023-08-09 07:34:00
183,-9223372031810783379,-9223372036849534743,24,VI,C4,11,9,8,2023,2023-08-09 08:54:00,1170.0,343.0,dairyplan,-9223372036849534743_2023-08-09 08:54:00
184,-9223372031810827676,-9223372036849326551,24,VI,C4,11,9,8,2023,2023-08-09 07:51:00,1590.0,727.0,dairyplan,-9223372036849326551_2023-08-09 07:51:00
185,-9223372031811306301,-9223372036849534743,24,VI,C4,11,8,8,2023,2023-08-08 19:15:00,1060.0,394.0,dairyplan,-9223372036849534743_2023-08-08 19:15:00
186,-9223372031811310188,-9223372036849326551,24,VI,C4,11,8,8,2023,2023-08-08 18:23:00,1320.0,476.0,dairyplan,-9223372036849326551_2023-08-08 18:23:00
187,-9223372031814907319,-9223372036848602130,24,VI,C4,11,8,8,2023,2023-08-08 17:45:00,1440.0,,dairyplan,-9223372036848602130_2023-08-08 17:45:00
188,-9223372031815441155,-9223372036849534743,24,VI,C4,11,8,8,2023,2023-08-08 07:46:00,1180.0,488.0,dairyplan,-9223372036849534743_2023-08-08 07:46:00
189,-9223372031815457590,-9223372036849326551,24,VI,C4,11,8,8,2023,2023-08-08 07:40:00,3370.0,,dairyplan,-9223372036849326551_2023-08-08 07:40:00
190,-9223372031816125860,-9223372036849534743,24,VI,C4,11,7,8,2023,2023-08-07 18:37:00,1150.0,510.0,dairyplan,-9223372036849534743_2023-08-07 18:37:00
191,-9223372031819050286,-9223372036849326551,24,VI,C4,11,7,8,2023,2023-08-07 17:41:00,1130.0,412.0,dairyplan,-9223372036849326551_2023-08-07 17:41:00
192,-9223372031819851571,-9223372036849326551,24,VI,C4,11,7,8,2023,2023-08-07 06:39:00,1340.0,666.0,dairyplan,-9223372036849326551_2023-08-07 06:39:00
193,-9223372031819859744,-9223372036848602130,24,VI,C4,11,7,8,2023,2023-08-07 06:14:00,1520.0,457.0,dairyplan,-9223372036848602130_2023-08-07 06:14:00
194,-9223372031819875706,-9223372036849534743,24,VI,C4,11,7,8,2023,2023-08-07 07:46:00,1210.0,521.0,dairyplan,-9223372036849534743_2023-08-07 07:46:00
195,-9223372031820429969,-9223372036849534743,24,VI,C4,11,6,8,2023,2023-08-06 18:31:00,780.0,397.0,dairyplan,-9223372036849534743_2023-08-06 18:31:00
196,-9223372031823085224,-9223372036849326551,24,VI,C4,11,6,8,2023,2023-08-06 07:09:00,1660.0,289.0,dairyplan,-9223372036849326551_2023-08-06 07:09:00
197,-9223372031823105991,-9223372036849534743,24,VI,C4,11,6,8,2023,2023-08-06 08:16:00,1170.0,196.0,dairyplan,-9223372036849534743_2023-08-06 08:16:00
198,-9223372031823340619,-9223372036849534743,24,VI,C4,11,5,8,2023,2023-08-05 19:15:00,790.0,213.0,dairyplan,-9223372036849534743_2023-08-05 19:15:00
199,-9223372031823475368,-9223372036849326551,24,VI,C4,11,5,8,2023,2023-08-05 18:21:00,1230.0,333.0,dairyplan,-9223372036849326551_2023-08-05 18:21:00
200,-9223372031826096413,-9223372036849326551,24,VI,C4,11,5,8,2023,2023-08-05 08:25:00,1330.0,303.0,dairyplan,-9223372036849326551_2023-08-05 08:25:00
201,-9223372031826114717,-9223372036849534743,24,VI,C4,11,5,8,2023,2023-08-05 08:37:00,1120.0,267.0,dairyplan,-9223372036849534743_2023-08-05 08:37:00
202,-9223372031826436883,-9223372036849534743,24,VI,C4,11,4,8,2023,2023-08-04 19:01:00,760.0,347.0,dairyplan,-9223372036849534743_2023-08-04 19:01:00
203,-9223372031826565154,-9223372036849326551,24,VI,C4,11,4,8,2023,2023-08-04 18:02:00,1420.0,262.0,dairyplan,-9223372036849326551_2023-08-04 18:02:00
204,-9223372031829980555,-9223372036849326551,24,VI,C4,11,4,8,2023,2023-08-04 06:59:00,1300.0,866.0,dairyplan,-9223372036849326551_2023-08-04 06:59:00
205,-9223372031829989987,-9223372036849534743,24,VI,C4,11,4,8,2023,2023-08-04 07:33:00,1070.0,478.0,dairyplan,-9223372036849534743_2023-08-04 07:33:00
206,-9223372031830607417,-9223372036849534743,24,VI,C4,11,3,8,2023,2023-08-03 18:41:00,970.0,202.0,dairyplan,-9223372036849534743_2023-08-03 18:41:00
207,-9223372031834363799,-9223372036849534743,24,VI,C4,11,3,8,2023,2023-08-03 08:16:00,1310.0,252.0,dairyplan,-9223372036849534743_2023-08-03 08:16:00
208,-9223372031834370311,-9223372036849326551,24,VI,C4,11,3,8,2023,2023-08-03 07:06:00,1320.0,320.0,dairyplan,-9223372036849326551_2023-08-03 07:06:00
209,-9223372031835003686,-9223372036849534743,24,VI,C4,11,2,8,2023,2023-08-02 18:29:00,890.0,400.0,dairyplan,-9223372036849534743_2023-08-02 18:29:00
210,-9223372031838274175,-9223372036849326551,24,VI,C4,11,2,8,2023,2023-08-02 17:48:00,1320.0,416.0,dairyplan,-9223372036849326551_2023-08-02 17:48:00
211,-9223372031838888426,-9223372036849534743,24,VI,C4,11,2,8,2023,2023-08-02 07:28:00,1130.0,798.0,dairyplan,-9223372036849534743_2023-08-02 07:28:00
212,-9223372031838894294,-9223372036849326551,24,VI,C4,11,2,8,2023,2023-08-02 06:26:00,1030.0,403.0,dairyplan,-9223372036849326551_2023-08-02 06:26:00
213,-9223372031839640479,-9223372036849534743,24,VI,C4,11,1,8,2023,2023-08-01 18:34:00,770.0,390.0,dairyplan,-9223372036849534743_2023-08-01 18:34:00
214,-9223372031842927652,-9223372036849326551,24,VI,C4,11,1,8,2023,2023-08-01 17:19:00,1000.0,515.0,dairyplan,-9223372036849326551_2023-08-01 17:19:00
215,-9223372031843599220,-9223372036849534743,24,VI,C4,11,1,8,2023,2023-08-01 08:35:00,1150.0,295.0,dairyplan,-9223372036849534743_2023-08-01 08:35:00
216,-9223372031843599427,-9223372036849326551,24,VI,C4,11,1,8,2023,2023-08-01 08:02:00,1280.0,300.0,dairyplan,-9223372036849326551_2023-08-01 08:02:00
217,-9223372031541693316,-9223372036849534743,24,VI,C4,11,29,9,2023,2023-09-29 07:33:00,1120.0,602.0,dairyplan,-9223372036849534743_2023-09-29 07:33:00
218,-9223372031541694738,-9223372036849326551,24,VI,C4,11,29,9,2023,2023-09-29 06:26:00,720.0,271.0,dairyplan,-9223372036849326551_2023-09-29 06:26:00
219,-9223372031581425136,-9223372036849534743,24,VI,C4,11,28,9,2023,2023-09-28 18:54:00,910.0,347.0,dairyplan,-9223372036849534743_2023-09-28 18:54:00
220,-9223372031584716804,-9223372036849534743,24,VI,C4,11,28,9,2023,2023-09-28 07:56:00,2560.0,903.0,dairyplan,-9223372036849534743_2023-09-28 07:56:00
221,-9223372031584719289,-9223372036848602130,24,VI,C4,11,28,9,2023,2023-09-28 06:32:00,1190.0,699.0,dairyplan,-9223372036848602130_2023-09-28 06:32:00
222,-9223372031584719334,-9223372036849326551,24,VI,C4,11,28,9,2023,2023-09-28 07:27:00,1370.0,624.0,dairyplan,-9223372036849326551_2023-09-28 07:27:00
223,-9223372031588684541,-9223372036848602130,24,VI,C4,11,27,9,2023,2023-09-27 17:24:00,1370.0,,dairyplan,-9223372036848602130_2023-09-27 17:24:00
224,-9223372031588684561,-9223372036849326551,24,VI,C4,11,27,9,2023,2023-09-27 17:36:00,1050.0,324.0,dairyplan,-9223372036849326551_2023-09-27 17:36:00
225,-9223372031589209722,-9223372036848602130,24,VI,C4,11,27,9,2023,2023-09-27 06:20:00,1750.0,315.0,dairyplan,-9223372036848602130_2023-09-27 06:20:00
226,-9223372031589209737,-9223372036849326551,24,VI,C4,11,27,9,2023,2023-09-27 06:22:00,1140.0,305.0,dairyplan,-9223372036849326551_2023-09-27 06:22:00
227,-9223372031590910047,-9223372036849534743,24,VI,C4,11,26,9,2023,2023-09-26 18:25:00,990.0,488.0,dairyplan,-9223372036849534743_2023-09-26 18:25:00
228,-9223372031594765147,-9223372036849534743,24,VI,C4,11,26,9,2023,2023-09-26 07:38:00,2430.0,979.0,dairyplan,-9223372036849534743_2023-09-26 07:38:00
229,-9223372031594765197,-9223372036849326551,24,VI,C4,11,26,9,2023,2023-09-26 06:13:00,1260.0,239.0,dairyplan,-9223372036849326551_2023-09-26 06:13:00
230,-9223372031596028222,-9223372036849534743,24,VI,C4,11,25,9,2023,2023-09-25 18:49:00,940.0,289.0,dairyplan,-9223372036849534743_2023-09-25 18:49:00
231,-9223372031596056054,-9223372036849326551,24,VI,C4,11,25,9,2023,2023-09-25 18:47:00,2100.0,,dairyplan,-9223372036849326551_2023-09-25 18:47:00
232,-9223372031599588381,-9223372036849326551,24,VI,C4,11,25,9,2023,2023-09-25 06:30:00,970.0,231.0,dairyplan,-9223372036849326551_2023-09-25 06:30:00
233,-9223372031599590520,-9223372036849534743,24,VI,C4,11,25,9,2023,2023-09-25 07:28:00,1030.0,589.0,dairyplan,-9223372036849534743_2023-09-25 07:28:00
234,-9223372031599590530,-9223372036848602130,24,VI,C4,11,25,9,2023,2023-09-25 06:06:00,1180.0,485.0,dairyplan,-9223372036848602130_2023-09-25 06:06:00
235,-9223372031601368694,-9223372036849534743,24,VI,C4,11,24,9,2023,2023-09-24 19:29:00,2110.0,652.0,dairyplan,-9223372036849534743_2023-09-24 19:29:00
236,-9223372031601393134,-9223372036849326551,24,VI,C4,11,24,9,2023,2023-09-24 18:37:00,850.0,201.0,dairyplan,-9223372036849326551_2023-09-24 18:37:00
237,-9223372031602959089,-9223372036848602130,24,VI,C4,11,24,9,2023,2023-09-24 17:59:00,1240.0,493.0,dairyplan,-9223372036848602130_2023-09-24 17:59:00
238,-9223372031603291680,-9223372036849534743,24,VI,C4,11,24,9,2023,2023-09-24 07:39:00,1050.0,585.0,dairyplan,-9223372036849534743_2023-09-24 07:39:00
239,-9223372031603291690,-9223372036848602130,24,VI,C4,11,24,9,2023,2023-09-24 07:06:00,1330.0,764.0,dairyplan,-9223372036848602130_2023-09-24 07:06:00
240,-9223372031603291715,-9223372036849326551,24,VI,C4,11,24,9,2023,2023-09-24 06:10:00,1330.0,251.0,dairyplan,-9223372036849326551_2023-09-24 06:10:00
241,-9223372031604584067,-9223372036849534743,24,VI,C4,11,23,9,2023,2023-09-23 18:28:00,870.0,259.0,dairyplan,-9223372036849534743_2023-09-23 18:28:00
242,-9223372031606239946,-9223372036849326551,24,VI,C4,11,23,9,2023,2023-09-23 17:58:00,980.0,262.0,dairyplan,-9223372036849326551_2023-09-23 17:58:00
243,-9223372031606481787,-9223372036849326551,24,VI,C4,11,23,9,2023,2023-09-23 06:27:00,1360.0,515.0,dairyplan,-9223372036849326551_2023-09-23 06:27:00
244,-9223372031606488763,-9223372036849534743,24,VI,C4,11,23,9,2023,2023-09-23 07:48:00,1140.0,606.0,dairyplan,-9223372036849534743_2023-09-23 07:48:00
245,-9223372031606488773,-9223372036848602130,24,VI,C4,11,23,9,2023,2023-09-23 07:06:00,1330.0,564.0,dairyplan,-9223372036848602130_2023-09-23 07:06:00
246,-9223372031608005274,-9223372036849534743,24,VI,C4,11,22,9,2023,2023-09-22 18:55:00,1680.0,431.0,dairyplan,-9223372036849534743_2023-09-22 18:55:00
247,-9223372031610531103,-9223372036849326551,24,VI,C4,11,22,9,2023,2023-09-22 17:37:00,860.0,243.0,dairyplan,-9223372036849326551_2023-09-22 17:37:00
248,-9223372031610536194,-9223372036848602130,24,VI,C4,11,22,9,2023,2023-09-22 17:32:00,1240.0,520.0,dairyplan,-9223372036848602130_2023-09-22 17:32:00
249,-9223372031611225865,-9223372036849534743,24,VI,C4,11,22,9,2023,2023-09-22 07:55:00,950.0,258.0,dairyplan,-9223372036849534743_2023-09-22 07:55:00
250,-9223372031611225875,-9223372036848602130,24,VI,C4,11,22,9,2023,2023-09-22 07:04:00,1120.0,413.0,dairyplan,-9223372036848602130_2023-09-22 07:04:00
251,-9223372031611225915,-9223372036849326551,24,VI,C4,11,22,9,2023,2023-09-22 06:24:00,1570.0,356.0,dairyplan,-9223372036849326551_2023-09-22 06:24:00
252,-9223372031613142180,-9223372036849534743,24,VI,C4,11,21,9,2023,2023-09-21 20:24:00,990.0,664.0,dairyplan,-9223372036849534743_2023-09-21 20:24:00
253,-9223372031613142195,-9223372036848602130,24,VI,C4,11,21,9,2023,2023-09-21 19:06:00,1230.0,762.0,dairyplan,-9223372036848602130_2023-09-21 19:06:00
254,-9223372031613166186,-9223372036849326551,24,VI,C4,11,21,9,2023,2023-09-21 20:00:00,1000.0,258.0,dairyplan,-9223372036849326551_2023-09-21 20:00:00
255,-9223372031616601338,-9223372036849534743,24,VI,C4,11,21,9,2023,2023-09-21 07:44:00,700.0,175.0,dairyplan,-9223372036849534743_2023-09-21 07:44:00
256,-9223372031616601353,-9223372036848602130,24,VI,C4,11,21,9,2023,2023-09-21 07:20:00,1280.0,524.0,dairyplan,-9223372036848602130_2023-09-21 07:20:00
257,-9223372031616616931,-9223372036849326551,24,VI,C4,11,21,9,2023,2023-09-21 06:39:00,1560.0,337.0,dairyplan,-9223372036849326551_2023-09-21 06:39:00
258,-9223372031618400560,-9223372036849534743,24,VI,C4,11,20,9,2023,2023-09-20 19:20:00,840.0,576.0,dairyplan,-9223372036849534743_2023-09-20 19:20:00
259,-9223372031618427389,-9223372036849326551,24,VI,C4,11,20,9,2023,2023-09-20 18:16:00,800.0,205.0,dairyplan,-9223372036849326551_2023-09-20 18:16:00
260,-9223372031620932707,-9223372036848602130,24,VI,C4,11,20,9,2023,2023-09-20 17:53:00,1230.0,609.0,dairyplan,-9223372036848602130_2023-09-20 17:53:00
261,-9223372031621954436,-9223372036849326551,24,VI,C4,11,20,9,2023,2023-09-20 07:10:00,1020.0,376.0,dairyplan,-9223372036849326551_2023-09-20 07:10:00
262,-9223372031621955025,-9223372036849534743,24,VI,C4,11,20,9,2023,2023-09-20 07:56:00,1110.0,476.0,dairyplan,-9223372036849534743_2023-09-20 07:56:00
263,-9223372031621955040,-9223372036848602130,24,VI,C4,11,20,9,2023,2023-09-20 07:56:00,2140.0,917.0,dairyplan,-9223372036848602130_2023-09-20 07:56:00
264,-9223372031624867384,-9223372036849534743,24,VI,C4,11,19,9,2023,2023-09-19 19:55:00,930.0,260.0,dairyplan,-9223372036849534743_2023-09-19 19:55:00
265,-9223372031624867389,-9223372036848602130,24,VI,C4,11,19,9,2023,2023-09-19 18:37:00,1170.0,750.0,dairyplan,-9223372036848602130_2023-09-19 18:37:00
266,-9223372031624890447,-9223372036849326551,24,VI,C4,11,19,9,2023,2023-09-19 18:51:00,1640.0,376.0,dairyplan,-9223372036849326551_2023-09-19 18:51:00
267,-9223372031628839845,-9223372036849534743,24,VI,C4,11,19,9,2023,2023-09-19 08:04:00,1370.0,601.0,dairyplan,-9223372036849534743_2023-09-19 08:04:00
268,-9223372031628839860,-9223372036848602130,24,VI,C4,11,19,9,2023,2023-09-19 07:13:00,1200.0,561.0,dairyplan,-9223372036848602130_2023-09-19 07:13:00
269,-9223372031628839900,-9223372036849326551,24,VI,C4,11,19,9,2023,2023-09-19 07:27:00,860.0,236.0,dairyplan,-9223372036849326551_2023-09-19 07:27:00
270,-9223372031632128591,-9223372036849534743,24,VI,C4,11,18,9,2023,2023-09-18 19:24:00,620.0,214.0,dairyplan,-9223372036849534743_2023-09-18 19:24:00
271,-9223372031637763719,-9223372036849534743,24,VI,C4,11,18,9,2023,2023-09-18 08:00:00,1100.0,637.0,dairyplan,-9223372036849534743_2023-09-18 08:00:00
272,-9223372031637763729,-9223372036848602130,24,VI,C4,11,18,9,2023,2023-09-18 06:42:00,1560.0,781.0,dairyplan,-9223372036848602130_2023-09-18 06:42:00
273,-9223372031637763769,-9223372036849326551,24,VI,C4,11,18,9,2023,2023-09-18 06:59:00,1300.0,230.0,dairyplan,-9223372036849326551_2023-09-18 06:59:00
274,-9223372031639663641,-9223372036849534743,24,VI,C4,11,17,9,2023,2023-09-17 18:44:00,750.0,201.0,dairyplan,-9223372036849534743_2023-09-17 18:44:00
275,-9223372031641229089,-9223372036849326551,24,VI,C4,11,17,9,2023,2023-09-17 17:38:00,650.0,172.0,dairyplan,-9223372036849326551_2023-09-17 17:38:00
276,-9223372031641541633,-9223372036848602130,24,VI,C4,11,17,9,2023,2023-09-17 07:11:00,990.0,291.0,dairyplan,-9223372036848602130_2023-09-17 07:11:00
277,-9223372031641569795,-9223372036849534743,24,VI,C4,11,17,9,2023,2023-09-17 07:41:00,1020.0,843.0,dairyplan,-9223372036849534743_2023-09-17 07:41:00
278,-9223372031641571378,-9223372036849326551,24,VI,C4,11,17,9,2023,2023-09-17 06:54:00,1280.0,999.0,dairyplan,-9223372036849326551_2023-09-17 06:54:00
279,-9223372031642908418,-9223372036849534743,24,VI,C4,11,16,9,2023,2023-09-16 18:36:00,1090.0,393.0,dairyplan,-9223372036849534743_2023-09-16 18:36:00
280,-9223372031644437264,-9223372036849326551,24,VI,C4,11,16,9,2023,2023-09-16 17:15:00,290.0,208.0,dairyplan,-9223372036849326551_2023-09-16 17:15:00
281,-9223372031644795586,-9223372036849326551,24,VI,C4,11,16,9,2023,2023-09-16 06:41:00,1380.0,332.0,dairyplan,-9223372036849326551_2023-09-16 06:41:00
282,-9223372031646292799,-9223372036848602130,24,VI,C4,11,15,9,2023,2023-09-15 18:01:00,1150.0,323.0,dairyplan,-9223372036848602130_2023-09-15 18:01:00
283,-9223372031646309518,-9223372036849534743,24,VI,C4,11,15,9,2023,2023-09-15 19:04:00,820.0,620.0,dairyplan,-9223372036849534743_2023-09-15 19:04:00
284,-9223372031648771885,-9223372036849326551,24,VI,C4,11,15,9,2023,2023-09-15 17:15:00,440.0,184.0,dairyplan,-9223372036849326551_2023-09-15 17:15:00
285,-9223372031648773461,-9223372036848602130,24,VI,C4,11,15,9,2023,2023-09-15 17:30:00,1010.0,194.0,dairyplan,-9223372036848602130_2023-09-15 17:30:00
286,-9223372031649893757,-9223372036849534743,24,VI,C4,11,15,9,2023,2023-09-15 08:03:00,910.0,242.0,dairyplan,-9223372036849534743_2023-09-15 08:03:00
287,-9223372031649898040,-9223372036848602130,24,VI,C4,11,15,9,2023,2023-09-15 07:22:00,1340.0,579.0,dairyplan,-9223372036848602130_2023-09-15 07:22:00
288,-9223372031649914071,-9223372036849326551,24,VI,C4,11,15,9,2023,2023-09-15 07:44:00,1320.0,315.0,dairyplan,-9223372036849326551_2023-09-15 07:44:00
289,-9223372031651221906,-9223372036849534743,24,VI,C4,11,14,9,2023,2023-09-14 18:58:00,900.0,375.0,dairyplan,-9223372036849534743_2023-09-14 18:58:00
290,-9223372031651263636,-9223372036848602130,24,VI,C4,11,14,9,2023,2023-09-14 18:26:00,1720.0,637.0,dairyplan,-9223372036848602130_2023-09-14 18:26:00
291,-9223372031654538000,-9223372036849534743,24,VI,C4,11,14,9,2023,2023-09-14 07:42:00,1040.0,548.0,dairyplan,-9223372036849534743_2023-09-14 07:42:00
292,-9223372031654539492,-9223372036849326551,24,VI,C4,11,14,9,2023,2023-09-14 07:11:00,1060.0,436.0,dairyplan,-9223372036849326551_2023-09-14 07:11:00
293,-9223372031654578849,-9223372036848602130,24,VI,C4,11,14,9,2023,2023-09-14 06:47:00,1450.0,416.0,dairyplan,-9223372036848602130_2023-09-14 06:47:00
294,-9223372031656219750,-9223372036848602130,24,VI,C4,11,13,9,2023,2023-09-13 18:51:00,820.0,481.0,dairyplan,-9223372036848602130_2023-09-13 18:51:00
295,-9223372031656237967,-9223372036849326551,24,VI,C4,11,13,9,2023,2023-09-13 18:00:00,1340.0,416.0,dairyplan,-9223372036849326551_2023-09-13 18:00:00
296,-9223372031656440344,-9223372036849534743,24,VI,C4,11,13,9,2023,2023-09-13 19:01:00,680.0,203.0,dairyplan,-9223372036849534743_2023-09-13 19:01:00
297,-9223372031659894033,-9223372036849326551,24,VI,C4,11,13,9,2023,2023-09-13 06:32:00,1040.0,263.0,dairyplan,-9223372036849326551_2023-09-13 06:32:00
298,-9223372031659936367,-9223372036848602130,24,VI,C4,11,13,9,2023,2023-09-13 06:53:00,1820.0,389.0,dairyplan,-9223372036848602130_2023-09-13 06:53:00
299,-9223372031659965235,-9223372036849534743,24,VI,C4,11,13,9,2023,2023-09-13 07:28:00,850.0,450.0,dairyplan,-9223372036849534743_2023-09-13 07:28:00
300,-9223372031661423690,-9223372036849534743,24,VI,C4,11,12,9,2023,2023-09-12 18:53:00,910.0,572.0,dairyplan,-9223372036849534743_2023-09-12 18:53:00
301,-9223372031663869026,-9223372036848602130,24,VI,C4,11,12,9,2023,2023-09-12 17:42:00,950.0,701.0,dairyplan,-9223372036848602130_2023-09-12 17:42:00
302,-9223372031664538698,-9223372036849534743,24,VI,C4,11,12,9,2023,2023-09-12 07:47:00,810.0,575.0,dairyplan,-9223372036849534743_2023-09-12 07:47:00
303,-9223372031664544324,-9223372036848602130,24,VI,C4,11,12,9,2023,2023-09-12 06:29:00,3190.0,,dairyplan,-9223372036848602130_2023-09-12 06:29:00
304,-9223372031668523235,-9223372036849534743,24,VI,C4,11,11,9,2023,2023-09-11 17:14:00,500.0,455.0,dairyplan,-9223372036849534743_2023-09-11 17:14:00
305,-9223372031668530697,-9223372036848602130,24,VI,C4,11,11,9,2023,2023-09-11 17:25:00,720.0,311.0,dairyplan,-9223372036848602130_2023-09-11 17:25:00
306,-9223372031669474886,-9223372036849534743,24,VI,C4,11,11,9,2023,2023-09-11 07:45:00,970.0,852.0,dairyplan,-9223372036849534743_2023-09-11 07:45:00
307,-9223372031669479267,-9223372036848602130,24,VI,C4,11,11,9,2023,2023-09-11 07:11:00,1830.0,389.0,dairyplan,-9223372036848602130_2023-09-11 07:11:00
308,-9223372031669484514,-9223372036849326551,24,VI,C4,11,11,9,2023,2023-09-11 07:02:00,1000.0,562.0,dairyplan,-9223372036849326551_2023-09-11 07:02:00
309,-9223372031670967535,-9223372036849326551,24,VI,C4,11,10,9,2023,2023-09-10 19:47:00,1540.0,286.0,dairyplan,-9223372036849326551_2023-09-10 19:47:00
310,-9223372031671032313,-9223372036848602130,24,VI,C4,11,10,9,2023,2023-09-10 18:51:00,1300.0,860.0,dairyplan,-9223372036848602130_2023-09-10 18:51:00
311,-9223372031671152269,-9223372036849534743,24,VI,C4,11,10,9,2023,2023-09-10 18:30:00,1080.0,374.0,dairyplan,-9223372036849534743_2023-09-10 18:30:00
312,-9223372031672921901,-9223372036849534743,24,VI,C4,11,10,9,2023,2023-09-10 07:37:00,1070.0,,dairyplan,-9223372036849534743_2023-09-10 07:37:00
313,-9223372031672928480,-9223372036848602130,24,VI,C4,11,10,9,2023,2023-09-10 06:24:00,1160.0,385.0,dairyplan,-9223372036848602130_2023-09-10 06:24:00
314,-9223372031672933514,-9223372036849326551,24,VI,C4,11,10,9,2023,2023-09-10 06:52:00,1040.0,501.0,dairyplan,-9223372036849326551_2023-09-10 06:52:00
315,-9223372031674313047,-9223372036849534743,24,VI,C4,11,9,9,2023,2023-09-09 18:53:00,860.0,351.0,dairyplan,-9223372036849534743_2023-09-09 18:53:00
316,-9223372031675833589,-9223372036849326551,24,VI,C4,11,9,9,2023,2023-09-09 17:20:00,670.0,418.0,dairyplan,-9223372036849326551_2023-09-09 17:20:00
317,-9223372031675845958,-9223372036848602130,24,VI,C4,11,9,9,2023,2023-09-09 17:25:00,1340.0,591.0,dairyplan,-9223372036848602130_2023-09-09 17:25:00
318,-9223372031676177788,-9223372036848602130,24,VI,C4,11,9,9,2023,2023-09-09 06:39:00,1740.0,439.0,dairyplan,-9223372036848602130_2023-09-09 06:39:00
319,-9223372031676184134,-9223372036849326551,24,VI,C4,11,9,9,2023,2023-09-09 07:28:00,1240.0,742.0,dairyplan,-9223372036849326551_2023-09-09 07:28:00
320,-9223372031677421408,-9223372036849326551,24,VI,C4,11,8,9,2023,2023-09-08 18:05:00,1090.0,308.0,dairyplan,-9223372036849326551_2023-09-08 18:05:00
321,-9223372031680205105,-9223372036848602130,24,VI,C4,11,8,9,2023,2023-09-08 17:19:00,1180.0,701.0,dairyplan,-9223372036848602130_2023-09-08 17:19:00
322,-9223372031680863604,-9223372036849326551,24,VI,C4,11,8,9,2023,2023-09-08 06:38:00,1610.0,318.0,dairyplan,-9223372036849326551_2023-09-08 06:38:00
323,-9223372031680869268,-9223372036848602130,24,VI,C4,11,8,9,2023,2023-09-08 07:06:00,1340.0,417.0,dairyplan,-9223372036848602130_2023-09-08 07:06:00
324,-9223372031682607441,-9223372036849326551,24,VI,C4,11,7,9,2023,2023-09-07 18:10:00,890.0,240.0,dairyplan,-9223372036849326551_2023-09-07 18:10:00
325,-9223372031685200752,-9223372036849534743,24,VI,C4,11,7,9,2023,2023-09-07 17:10:00,1030.0,744.0,dairyplan,-9223372036849534743_2023-09-07 17:10:00
326,-9223372031685209601,-9223372036848602130,24,VI,C4,11,7,9,2023,2023-09-07 17:27:00,1260.0,484.0,dairyplan,-9223372036848602130_2023-09-07 17:27:00
327,-9223372031686047217,-9223372036848602130,24,VI,C4,11,7,9,2023,2023-09-07 06:39:00,2280.0,,dairyplan,-9223372036848602130_2023-09-07 06:39:00
328,-9223372031686063148,-9223372036849326551,24,VI,C4,11,7,9,2023,2023-09-07 07:09:00,1220.0,324.0,dairyplan,-9223372036849326551_2023-09-07 07:09:00
329,-9223372031687500838,-9223372036849326551,24,VI,C4,11,6,9,2023,2023-09-06 18:28:00,1280.0,373.0,dairyplan,-9223372036849326551_2023-09-06 18:28:00
330,-9223372031687628280,-9223372036849534743,24,VI,C4,11,6,9,2023,2023-09-06 19:18:00,960.0,314.0,dairyplan,-9223372036849534743_2023-09-06 19:18:00
331,-9223372031687642900,-9223372036848602130,24,VI,C4,11,6,9,2023,2023-09-06 18:13:00,1260.0,878.0,dairyplan,-9223372036848602130_2023-09-06 18:13:00
332,-9223372031690759441,-9223372036849534743,24,VI,C4,11,6,9,2023,2023-09-06 07:44:00,1210.0,507.0,dairyplan,-9223372036849534743_2023-09-06 07:44:00
333,-9223372031690761413,-9223372036849326551,24,VI,C4,11,6,9,2023,2023-09-06 06:41:00,1810.0,391.0,dairyplan,-9223372036849326551_2023-09-06 06:41:00
334,-9223372031690766247,-9223372036848602130,24,VI,C4,11,6,9,2023,2023-09-06 06:31:00,1290.0,900.0,dairyplan,-9223372036848602130_2023-09-06 06:31:00
335,-9223372031692351472,-9223372036849534743,24,VI,C4,11,5,9,2023,2023-09-05 18:49:00,830.0,904.0,dairyplan,-9223372036849534743_2023-09-05 18:49:00
336,-9223372031695136732,-9223372036849326551,24,VI,C4,11,5,9,2023,2023-09-05 17:20:00,830.0,398.0,dairyplan,-9223372036849326551_2023-09-05 17:20:00
337,-9223372031695138276,-9223372036848602130,24,VI,C4,11,5,9,2023,2023-09-05 17:07:00,1330.0,795.0,dairyplan,-9223372036848602130_2023-09-05 17:07:00
338,-9223372031695798981,-9223372036849326551,24,VI,C4,11,5,9,2023,2023-09-05 06:52:00,1280.0,515.0,dairyplan,-9223372036849326551_2023-09-05 06:52:00
339,-9223372031695801263,-9223372036849534743,24,VI,C4,11,5,9,2023,2023-09-05 07:50:00,1060.0,478.0,dairyplan,-9223372036849534743_2023-09-05 07:50:00
340,-9223372031697474274,-9223372036849534743,24,VI,C4,11,4,9,2023,2023-09-04 18:57:00,930.0,664.0,dairyplan,-9223372036849534743_2023-09-04 18:57:00
341,-9223372031700204123,-9223372036849326551,24,VI,C4,11,4,9,2023,2023-09-04 17:28:00,1100.0,429.0,dairyplan,-9223372036849326551_2023-09-04 17:28:00
342,-9223372031701151708,-9223372036849534743,24,VI,C4,11,4,9,2023,2023-09-04 07:57:00,1980.0,834.0,dairyplan,-9223372036849534743_2023-09-04 07:57:00
343,-9223372031702857328,-9223372036849534743,24,VI,C4,11,3,9,2023,2023-09-03 19:32:00,1000.0,768.0,dairyplan,-9223372036849534743_2023-09-03 19:32:00
344,-9223372031704526573,-9223372036848602130,24,VI,C4,11,3,9,2023,2023-09-03 17:54:00,1120.0,,dairyplan,-9223372036848602130_2023-09-03 17:54:00
345,-9223372031704527247,-9223372036849326551,24,VI,C4,11,3,9,2023,2023-09-03 17:39:00,830.0,416.0,dairyplan,-9223372036849326551_2023-09-03 17:39:00
346,-9223372031704813591,-9223372036849534743,24,VI,C4,11,3,9,2023,2023-09-03 07:43:00,1220.0,721.0,dairyplan,-9223372036849534743_2023-09-03 07:43:00
347,-9223372031707653548,-9223372036848602130,24,VI,C4,11,2,9,2023,2023-09-02 17:12:00,990.0,151.0,dairyplan,-9223372036848602130_2023-09-02 17:12:00
348,-9223372031707662872,-9223372036849326551,24,VI,C4,11,2,9,2023,2023-09-02 17:33:00,1140.0,565.0,dairyplan,-9223372036849326551_2023-09-02 17:33:00
349,-9223372031708260639,-9223372036849534743,24,VI,C4,11,2,9,2023,2023-09-02 07:26:00,1230.0,619.0,dairyplan,-9223372036849534743_2023-09-02 07:26:00
350,-9223372031712278085,-9223372036848602130,24,VI,C4,11,1,9,2023,2023-09-01 17:07:00,1420.0,631.0,dairyplan,-9223372036848602130_2023-09-01 17:07:00
351,-9223372031712304620,-9223372036849534743,24,VI,C4,11,1,9,2023,2023-09-01 16:47:00,690.0,271.0,dairyplan,-9223372036849534743_2023-09-01 16:47:00
352,-9223372031712312368,-9223372036849326551,24,VI,C4,11,1,9,2023,2023-09-01 17:50:00,1320.0,614.0,dairyplan,-9223372036849326551_2023-09-01 17:50:00
353,-9223372031713104804,-9223372036849326551,24,VI,C4,11,1,9,2023,2023-09-01 07:35:00,7480.0,,dairyplan,-9223372036849326551_2023-09-01 07:35:00
354,-9223372031541693307,-9223372036849534743,24,VI,C4,11,5,10,2023,2023-10-05 07:36:00,430.0,209.0,dairyplan,-9223372036849534743_2023-10-05 07:36:00
355,-9223372031541693311,-9223372036849534743,24,VI,C4,11,4,10,2023,2023-10-04 18:46:00,1990.0,,dairyplan,-9223372036849534743_2023-10-04 18:46:00
356,-9223372031541694728,-9223372036849326551,24,VI,C4,11,6,10,2023,2023-10-06 06:08:00,890.0,266.0,dairyplan,-9223372036849326551_2023-10-06 06:08:00
357,-9223372031541694733,-9223372036849326551,24,VI,C4,11,5,10,2023,2023-10-05 17:50:00,940.0,359.0,dairyplan,-9223372036849326551_2023-10-05 17:50:00
358,-9223372031541720218,-9223372036848602130,24,VI,C4,11,6,10,2023,2023-10-06 06:06:00,1060.0,606.0,dairyplan,-9223372036848602130_2023-10-06 06:06:00
359,-9223372031541720223,-9223372036848602130,24,VI,C4,11,5,10,2023,2023-10-05 17:46:00,1100.0,552.0,dairyplan,-9223372036848602130_2023-10-05 17:46:00
360,-9223372031541720228,-9223372036848602130,24,VI,C4,11,5,10,2023,2023-10-05 06:18:00,1110.0,647.0,dairyplan,-9223372036848602130_2023-10-05 06:18:00
361,-9223372031541720233,-9223372036848602130,24,VI,C4,11,4,10,2023,2023-10-04 17:18:00,1340.0,424.0,dairyplan,-9223372036848602130_2023-10-04 17:18:00
362,-9223372030688916663,-9223372036846039088,24,VI,C4,11,31,1,2024,2024-01-31 19:19:00,800.0,167.0,dairyplan,-9223372036846039088_2024-01-31 19:19:00
363,-9223372030692751442,-9223372036849326551,24,VI,C4,11,31,1,2024,2024-01-31 06:37:00,2890.0,,dairyplan,-9223372036849326551_2024-01-31 06:37:00
364,-9223372030694459715,-9223372036849326551,24,VI,C4,11,30,1,2024,2024-01-30 18:20:00,660.0,178.0,dairyplan,-9223372036849326551_2024-01-30 18:20:00
365,-9223372030694700155,-9223372036846039088,24,VI,C4,11,30,1,2024,2024-01-30 18:52:00,800.0,187.0,dairyplan,-9223372036846039088_2024-01-30 18:52:00
366,-9223372030538180670,-9223372036849326551,24,VI,C4,11,29,2,2024,2024-02-29 18:58:00,1060.0,410.0,dairyplan,-9223372036849326551_2024-02-29 18:58:00
367,-9223372030541933146,-9223372036849326551,24,VI,C4,11,29,2,2024,2024-02-29 06:42:00,1600.0,815.0,dairyplan,-9223372036849326551_2024-02-29 06:42:00
368,-9223372030541939554,-9223372036846039088,24,VI,C4,11,29,2,2024,2024-02-29 07:28:00,960.0,212.0,dairyplan,-9223372036846039088_2024-02-29 07:28:00
369,-9223372030543676458,-9223372036849326551,24,VI,C4,11,28,2,2024,2024-02-28 19:06:00,2040.0,660.0,dairyplan,-9223372036849326551_2024-02-28 19:06:00
370,-9223372030543842147,-9223372036846039088,24,VI,C4,11,29,2,2024,2024-02-29 05:48:00,1570.0,579.0,dairyplan,-9223372036846039088_2024-02-29 05:48:00
371,-9223372030547385954,-9223372036849326551,24,VI,C4,11,28,2,2024,2024-02-28 06:25:00,1780.0,424.0,dairyplan,-9223372036849326551_2024-02-28 06:25:00
372,-9223372030547389848,-9223372036846039088,24,VI,C4,11,28,2,2024,2024-02-28 07:13:00,1600.0,329.0,dairyplan,-9223372036846039088_2024-02-28 07:13:00
373,-9223372030549606439,-9223372036846039088,24,VI,C4,11,27,2,2024,2024-02-27 19:16:00,1520.0,376.0,dairyplan,-9223372036846039088_2024-02-27 19:16:00
374,-9223372030551640213,-9223372036849326551,24,VI,C4,11,27,2,2024,2024-02-27 17:47:00,1560.0,365.0,dairyplan,-9223372036849326551_2024-02-27 17:47:00
375,-9223372030555764534,-9223372036849326551,24,VI,C4,11,26,2,2024,2024-02-26 18:11:00,1330.0,357.0,dairyplan,-9223372036849326551_2024-02-26 18:11:00
376,-9223372030561324149,-9223372036849326551,24,VI,C4,11,25,2,2024,2024-02-25 18:17:00,1070.0,273.0,dairyplan,-9223372036849326551_2024-02-25 18:17:00
377,-9223372030563602386,-9223372036849326551,24,VI,C4,11,25,2,2024,2024-02-25 06:56:00,1420.0,478.0,dairyplan,-9223372036849326551_2024-02-25 06:56:00
378,-9223372030565015002,-9223372036846039088,24,VI,C4,11,24,2,2024,2024-02-24 19:07:00,900.0,197.0,dairyplan,-9223372036846039088_2024-02-24 19:07:00
379,-9223372030567450261,-9223372036846039088,24,VI,C4,11,24,2,2024,2024-02-24 07:55:00,1300.0,297.0,dairyplan,-9223372036846039088_2024-02-24 07:55:00
380,-9223372030569016019,-9223372036846039088,24,VI,C4,11,23,2,2024,2024-02-23 19:03:00,870.0,188.0,dairyplan,-9223372036846039088_2024-02-23 19:03:00
381,-9223372030571142514,-9223372036849326551,24,VI,C4,11,23,2,2024,2024-02-23 17:24:00,1340.0,380.0,dairyplan,-9223372036849326551_2024-02-23 17:24:00
382,-9223372030572586934,-9223372036849326551,24,VI,C4,11,23,2,2024,2024-02-23 06:40:00,1820.0,481.0,dairyplan,-9223372036849326551_2024-02-23 06:40:00
383,-9223372030572606414,-9223372036846039088,24,VI,C4,11,23,2,2024,2024-02-23 07:26:00,1000.0,217.0,dairyplan,-9223372036846039088_2024-02-23 07:26:00
384,-9223372030574867335,-9223372036846039088,24,VI,C4,11,22,2,2024,2024-02-22 18:42:00,860.0,186.0,dairyplan,-9223372036846039088_2024-02-22 18:42:00
385,-9223372030578089811,-9223372036849326551,24,VI,C4,11,22,2,2024,2024-02-22 07:00:00,1720.0,402.0,dairyplan,-9223372036849326551_2024-02-22 07:00:00
386,-9223372030580537590,-9223372036846039088,24,VI,C4,11,21,2,2024,2024-02-21 18:54:00,920.0,200.0,dairyplan,-9223372036846039088_2024-02-21 18:54:00
387,-9223372030580569531,-9223372036849326551,24,VI,C4,11,21,2,2024,2024-02-21 18:19:00,1530.0,351.0,dairyplan,-9223372036849326551_2024-02-21 18:19:00
388,-9223372030584351707,-9223372036849326551,24,VI,C4,11,21,2,2024,2024-02-21 06:30:00,1410.0,310.0,dairyplan,-9223372036849326551_2024-02-21 06:30:00
389,-9223372030584410624,-9223372036846039088,24,VI,C4,11,21,2,2024,2024-02-21 07:42:00,1490.0,595.0,dairyplan,-9223372036846039088_2024-02-21 07:42:00
390,-9223372030586415953,-9223372036849326551,24,VI,C4,11,20,2,2024,2024-02-20 19:44:00,1900.0,461.0,dairyplan,-9223372036849326551_2024-02-20 19:44:00
391,-9223372030590070829,-9223372036849326551,24,VI,C4,11,20,2,2024,2024-02-20 06:37:00,1140.0,309.0,dairyplan,-9223372036849326551_2024-02-20 06:37:00
392,-9223372030592296821,-9223372036849326551,24,VI,C4,11,19,2,2024,2024-02-19 18:09:00,1510.0,357.0,dairyplan,-9223372036849326551_2024-02-19 18:09:00
393,-9223372030596334671,-9223372036849326551,24,VI,C4,11,19,2,2024,2024-02-19 07:42:00,1710.0,368.0,dairyplan,-9223372036849326551_2024-02-19 07:42:00
394,-9223372030596354853,-9223372036846039088,24,VI,C4,11,19,2,2024,2024-02-19 07:57:00,820.0,186.0,dairyplan,-9223372036846039088_2024-02-19 07:57:00
395,-9223372030599571627,-9223372036849326551,24,VI,C4,11,18,2,2024,2024-02-18 17:17:00,1430.0,388.0,dairyplan,-9223372036849326551_2024-02-18 17:17:00
396,-9223372030600467161,-9223372036846039088,24,VI,C4,11,18,2,2024,2024-02-18 07:52:00,960.0,225.0,dairyplan,-9223372036846039088_2024-02-18 07:52:00
397,-9223372030600526509,-9223372036849326551,24,VI,C4,11,18,2,2024,2024-02-18 07:25:00,1650.0,297.0,dairyplan,-9223372036849326551_2024-02-18 07:25:00
398,-9223372030604283992,-9223372036846039088,24,VI,C4,11,17,2,2024,2024-02-17 07:54:00,800.0,177.0,dairyplan,-9223372036846039088_2024-02-17 07:54:00
399,-9223372030609565247,-9223372036849326551,24,VI,C4,11,16,2,2024,2024-02-16 06:11:00,1560.0,443.0,dairyplan,-9223372036849326551_2024-02-16 06:11:00
400,-9223372030609600855,-9223372036846039088,24,VI,C4,11,16,2,2024,2024-02-16 07:49:00,2300.0,,dairyplan,-9223372036846039088_2024-02-16 07:49:00
401,-9223372030611704267,-9223372036846039088,24,VI,C4,11,15,2,2024,2024-02-15 18:53:00,790.0,185.0,dairyplan,-9223372036846039088_2024-02-15 18:53:00
402,-9223372030615568376,-9223372036846039088,24,VI,C4,11,15,2,2024,2024-02-15 07:59:00,1000.0,240.0,dairyplan,-9223372036846039088_2024-02-15 07:59:00
403,-9223372030617287367,-9223372036846039088,24,VI,C4,11,14,2,2024,2024-02-14 19:05:00,830.0,225.0,dairyplan,-9223372036846039088_2024-02-14 19:05:00
404,-9223372030620745127,-9223372036849326551,24,VI,C4,11,14,2,2024,2024-02-14 07:57:00,1650.0,426.0,dairyplan,-9223372036849326551_2024-02-14 07:57:00
405,-9223372030620757280,-9223372036846039088,24,VI,C4,11,14,2,2024,2024-02-14 08:08:00,1020.0,211.0,dairyplan,-9223372036846039088_2024-02-14 08:08:00
406,-9223372030622591688,-9223372036849326551,24,VI,C4,11,13,2,2024,2024-02-13 18:48:00,1400.0,364.0,dairyplan,-9223372036849326551_2024-02-13 18:48:00
407,-9223372030622667529,-9223372036846039088,24,VI,C4,11,13,2,2024,2024-02-13 19:02:00,810.0,177.0,dairyplan,-9223372036846039088_2024-02-13 19:02:00
408,-9223372030625920639,-9223372036849326551,24,VI,C4,11,13,2,2024,2024-02-13 07:40:00,1670.0,455.0,dairyplan,-9223372036849326551_2024-02-13 07:40:00
409,-9223372030627741906,-9223372036849326551,24,VI,C4,11,12,2,2024,2024-02-12 18:49:00,1410.0,394.0,dairyplan,-9223372036849326551_2024-02-12 18:49:00
410,-9223372030631635251,-9223372036849326551,24,VI,C4,11,12,2,2024,2024-02-12 07:12:00,1590.0,427.0,dairyplan,-9223372036849326551_2024-02-12 07:12:00
411,-9223372030631706518,-9223372036846039088,24,VI,C4,11,12,2,2024,2024-02-12 08:09:00,900.0,186.0,dairyplan,-9223372036846039088_2024-02-12 08:09:00
412,-9223372030633407749,-9223372036846039088,24,VI,C4,11,11,2,2024,2024-02-11 19:37:00,830.0,160.0,dairyplan,-9223372036846039088_2024-02-11 19:37:00
413,-9223372030633667240,-9223372036849326551,24,VI,C4,11,11,2,2024,2024-02-11 19:12:00,1410.0,327.0,dairyplan,-9223372036849326551_2024-02-11 19:12:00
414,-9223372030635989126,-9223372036846039088,24,VI,C4,11,11,2,2024,2024-02-11 08:01:00,940.0,203.0,dairyplan,-9223372036846039088_2024-02-11 08:01:00
415,-9223372030636015083,-9223372036849326551,24,VI,C4,11,11,2,2024,2024-02-11 06:54:00,1590.0,349.0,dairyplan,-9223372036849326551_2024-02-11 06:54:00
416,-9223372030637447666,-9223372036846039088,24,VI,C4,11,10,2,2024,2024-02-10 19:26:00,870.0,195.0,dairyplan,-9223372036846039088_2024-02-10 19:26:00
417,-9223372030637449978,-9223372036849326551,24,VI,C4,11,10,2,2024,2024-02-10 19:11:00,1430.0,281.0,dairyplan,-9223372036849326551_2024-02-10 19:11:00
418,-9223372030638843427,-9223372036846039088,24,VI,C4,11,10,2,2024,2024-02-10 08:04:00,1010.0,250.0,dairyplan,-9223372036846039088_2024-02-10 08:04:00
419,-9223372030639209323,-9223372036846039088,24,VI,C4,11,9,2,2024,2024-02-09 19:01:00,900.0,252.0,dairyplan,-9223372036846039088_2024-02-09 19:01:00
420,-9223372030639219707,-9223372036849326551,24,VI,C4,11,9,2,2024,2024-02-09 18:34:00,1510.0,364.0,dairyplan,-9223372036849326551_2024-02-09 18:34:00
421,-9223372030646187399,-9223372036846039088,24,VI,C4,11,9,2,2024,2024-02-09 07:39:00,930.0,230.0,dairyplan,-9223372036846039088_2024-02-09 07:39:00
422,-9223372030646198123,-9223372036849326551,24,VI,C4,11,9,2,2024,2024-02-09 06:46:00,1650.0,394.0,dairyplan,-9223372036849326551_2024-02-09 06:46:00
423,-9223372030647929501,-9223372036846039088,24,VI,C4,11,8,2,2024,2024-02-08 18:55:00,760.0,182.0,dairyplan,-9223372036846039088_2024-02-08 18:55:00
424,-9223372030648171210,-9223372036849326551,24,VI,C4,11,8,2,2024,2024-02-08 18:05:00,1620.0,370.0,dairyplan,-9223372036849326551_2024-02-08 18:05:00
425,-9223372030652013573,-9223372036849326551,24,VI,C4,11,8,2,2024,2024-02-08 06:24:00,2100.0,625.0,dairyplan,-9223372036849326551_2024-02-08 06:24:00
426,-9223372030652071375,-9223372036846039088,24,VI,C4,11,8,2,2024,2024-02-08 07:29:00,910.0,176.0,dairyplan,-9223372036846039088_2024-02-08 07:29:00
427,-9223372030653876025,-9223372036846039088,24,VI,C4,11,7,2,2024,2024-02-07 18:36:00,840.0,190.0,dairyplan,-9223372036846039088_2024-02-07 18:36:00
428,-9223372030655886215,-9223372036849326551,24,VI,C4,11,7,2,2024,2024-02-07 17:21:00,3070.0,907.0,dairyplan,-9223372036849326551_2024-02-07 17:21:00
429,-9223372030657709128,-9223372036846039088,24,VI,C4,11,7,2,2024,2024-02-07 07:37:00,500.0,162.0,dairyplan,-9223372036846039088_2024-02-07 07:37:00
430,-9223372030659163945,-9223372036849326551,24,VI,C4,11,6,2,2024,2024-02-06 18:41:00,1440.0,411.0,dairyplan,-9223372036849326551_2024-02-06 18:41:00
431,-9223372030659203068,-9223372036846039088,24,VI,C4,11,6,2,2024,2024-02-06 19:30:00,820.0,165.0,dairyplan,-9223372036846039088_2024-02-06 19:30:00
432,-9223372030662596995,-9223372036849326551,24,VI,C4,11,6,2,2024,2024-02-06 07:34:00,1770.0,401.0,dairyplan,-9223372036849326551_2024-02-06 07:34:00
433,-9223372030664459832,-9223372036846039088,24,VI,C4,11,5,2,2024,2024-02-05 18:17:00,740.0,199.0,dairyplan,-9223372036846039088_2024-02-05 18:17:00
434,-9223372030668415081,-9223372036846039088,24,VI,C4,11,5,2,2024,2024-02-05 07:45:00,2210.0,444.0,dairyplan,-9223372036846039088_2024-02-05 07:45:00
435,-9223372030668420892,-9223372036849326551,24,VI,C4,11,5,2,2024,2024-02-05 07:18:00,760.0,214.0,dairyplan,-9223372036849326551_2024-02-05 07:18:00
436,-9223372030670423910,-9223372036849326551,24,VI,C4,11,4,2,2024,2024-02-04 18:07:00,1350.0,364.0,dairyplan,-9223372036849326551_2024-02-04 18:07:00
437,-9223372030670680083,-9223372036846039088,24,VI,C4,11,4,2,2024,2024-02-04 18:20:00,790.0,182.0,dairyplan,-9223372036846039088_2024-02-04 18:20:00
438,-9223372030672659963,-9223372036849326551,24,VI,C4,11,4,2,2024,2024-02-04 06:15:00,1620.0,358.0,dairyplan,-9223372036849326551_2024-02-04 06:15:00
439,-9223372030674397721,-9223372036846039088,24,VI,C4,11,3,2,2024,2024-02-03 18:26:00,730.0,153.0,dairyplan,-9223372036846039088_2024-02-03 18:26:00
440,-9223372030675769569,-9223372036849326551,24,VI,C4,11,3,2,2024,2024-02-03 17:22:00,1360.0,286.0,dairyplan,-9223372036849326551_2024-02-03 17:22:00
441,-9223372030676525593,-9223372036849326551,24,VI,C4,11,3,2,2024,2024-02-03 07:32:00,800.0,275.0,dairyplan,-9223372036849326551_2024-02-03 07:32:00
442,-9223372030680086066,-9223372036849326551,24,VI,C4,11,2,2,2024,2024-02-02 17:39:00,1170.0,331.0,dairyplan,-9223372036849326551_2024-02-02 17:39:00
443,-9223372030683313841,-9223372036846039088,24,VI,C4,11,1,2,2024,2024-02-01 19:12:00,750.0,194.0,dairyplan,-9223372036846039088_2024-02-01 19:12:00
444,-9223372030687275103,-9223372036846039088,24,VI,C4,11,1,2,2024,2024-02-01 07:59:00,810.0,188.0,dairyplan,-9223372036846039088_2024-02-01 07:59:00
445,-9223372030381047884,-9223372036849326551,24,VI,C4,11,31,3,2024,2024-03-31 05:35:00,1300.0,318.0,dairyplan,-9223372036849326551_2024-03-31 05:35:00
446,-9223372030382263023,-9223372036849326551,24,VI,C4,11,30,3,2024,2024-03-30 16:47:00,1090.0,273.0,dairyplan,-9223372036849326551_2024-03-30 16:47:00
447,-9223372030382266431,-9223372036846039088,24,VI,C4,11,30,3,2024,2024-03-30 17:56:00,1440.0,378.0,dairyplan,-9223372036846039088_2024-03-30 17:56:00
448,-9223372030383200536,-9223372036849326551,24,VI,C4,11,30,3,2024,2024-03-30 06:43:00,1570.0,626.0,dairyplan,-9223372036849326551_2024-03-30 06:43:00
449,-9223372030386899047,-9223372036846039088,24,VI,C4,11,29,3,2024,2024-03-29 17:56:00,720.0,184.0,dairyplan,-9223372036846039088_2024-03-29 17:56:00
450,-9223372030386915713,-9223372036849326551,24,VI,C4,11,29,3,2024,2024-03-29 16:52:00,1190.0,376.0,dairyplan,-9223372036849326551_2024-03-29 16:52:00
451,-9223372030390703177,-9223372036846039088,24,VI,C4,11,28,3,2024,2024-03-28 18:28:00,1330.0,311.0,dairyplan,-9223372036846039088_2024-03-28 18:28:00
452,-9223372030393092321,-9223372036849326551,24,VI,C4,11,28,3,2024,2024-03-28 17:58:00,2760.0,675.0,dairyplan,-9223372036849326551_2024-03-28 17:58:00
453,-9223372030397159456,-9223372036846039088,24,VI,C4,11,27,3,2024,2024-03-27 18:45:00,2420.0,555.0,dairyplan,-9223372036846039088_2024-03-27 18:45:00
454,-9223372030397163412,-9223372036849326551,24,VI,C4,11,27,3,2024,2024-03-27 18:15:00,1500.0,761.0,dairyplan,-9223372036849326551_2024-03-27 18:15:00
455,-9223372030400965596,-9223372036849326551,24,VI,C4,11,27,3,2024,2024-03-27 06:44:00,1760.0,386.0,dairyplan,-9223372036849326551_2024-03-27 06:44:00
456,-9223372030403146892,-9223372036849326551,24,VI,C4,11,26,3,2024,2024-03-26 18:02:00,720.0,278.0,dairyplan,-9223372036849326551_2024-03-26 18:02:00
457,-9223372030403181593,-9223372036846039088,24,VI,C4,11,26,3,2024,2024-03-26 19:23:00,3850.0,802.0,dairyplan,-9223372036846039088_2024-03-26 19:23:00
458,-9223372030405939973,-9223372036849326551,24,VI,C4,11,26,3,2024,2024-03-26 17:55:00,650.0,238.0,dairyplan,-9223372036849326551_2024-03-26 17:55:00
459,-9223372030407549741,-9223372036846039088,24,VI,C4,11,26,3,2024,2024-03-26 08:01:00,3400.0,741.0,dairyplan,-9223372036846039088_2024-03-26 08:01:00
460,-9223372030412780571,-9223372036849326551,24,VI,C4,11,25,3,2024,2024-03-25 17:48:00,4280.0,,dairyplan,-9223372036849326551_2024-03-25 17:48:00
461,-9223372030416596497,-9223372036849326551,24,VI,C4,11,25,3,2024,2024-03-25 05:39:00,1360.0,509.0,dairyplan,-9223372036849326551_2024-03-25 05:39:00
462,-9223372030416658088,-9223372036846039088,24,VI,C4,11,24,3,2024,2024-03-24 18:32:00,1290.0,,dairyplan,-9223372036846039088_2024-03-24 18:32:00
463,-9223372030417824809,-9223372036849326551,24,VI,C4,11,24,3,2024,2024-03-24 17:50:00,1410.0,447.0,dairyplan,-9223372036849326551_2024-03-24 17:50:00
464,-9223372030418792540,-9223372036846039088,24,VI,C4,11,24,3,2024,2024-03-24 07:32:00,1700.0,436.0,dairyplan,-9223372036846039088_2024-03-24 07:32:00
465,-9223372030420434647,-9223372036846039088,24,VI,C4,11,23,3,2024,2024-03-23 18:45:00,910.0,223.0,dairyplan,-9223372036846039088_2024-03-23 18:45:00
466,-9223372030422641441,-9223372036849326551,24,VI,C4,11,23,3,2024,2024-03-23 06:20:00,1290.0,408.0,dairyplan,-9223372036849326551_2024-03-23 06:20:00
467,-9223372030424284487,-9223372036849326551,24,VI,C4,11,22,3,2024,2024-03-22 18:33:00,1590.0,461.0,dairyplan,-9223372036849326551_2024-03-22 18:33:00
468,-9223372030424375309,-9223372036846039088,24,VI,C4,11,22,3,2024,2024-03-22 19:43:00,1400.0,376.0,dairyplan,-9223372036846039088_2024-03-22 19:43:00
469,-9223372030427797722,-9223372036849326551,24,VI,C4,11,22,3,2024,2024-03-22 06:29:00,760.0,309.0,dairyplan,-9223372036849326551_2024-03-22 06:29:00
470,-9223372030427860360,-9223372036846039088,24,VI,C4,11,22,3,2024,2024-03-22 07:43:00,880.0,448.0,dairyplan,-9223372036846039088_2024-03-22 07:43:00
471,-9223372030429724392,-9223372036846039088,24,VI,C4,11,21,3,2024,2024-03-21 19:10:00,3470.0,,dairyplan,-9223372036846039088_2024-03-21 19:10:00
472,-9223372030433449133,-9223372036849326551,24,VI,C4,11,21,3,2024,2024-03-21 06:06:00,1190.0,293.0,dairyplan,-9223372036849326551_2024-03-21 06:06:00
473,-9223372030435829904,-9223372036849326551,24,VI,C4,11,20,3,2024,2024-03-20 18:28:00,1700.0,411.0,dairyplan,-9223372036849326551_2024-03-20 18:28:00
474,-9223372030439292539,-9223372036849326551,24,VI,C4,11,20,3,2024,2024-03-20 07:29:00,1440.0,436.0,dairyplan,-9223372036849326551_2024-03-20 07:29:00
475,-9223372030439356091,-9223372036846039088,24,VI,C4,11,20,3,2024,2024-03-20 08:06:00,2490.0,,dairyplan,-9223372036846039088_2024-03-20 08:06:00
476,-9223372030441117117,-9223372036846039088,24,VI,C4,11,19,3,2024,2024-03-19 19:06:00,1220.0,535.0,dairyplan,-9223372036846039088_2024-03-19 19:06:00
477,-9223372030442831579,-9223372036849326551,24,VI,C4,11,19,3,2024,2024-03-19 17:56:00,1370.0,428.0,dairyplan,-9223372036849326551_2024-03-19 17:56:00
478,-9223372030445854809,-9223372036846039088,24,VI,C4,11,18,3,2024,2024-03-18 19:57:00,2940.0,,dairyplan,-9223372036846039088_2024-03-18 19:57:00
479,-9223372030454101570,-9223372036849326551,24,VI,C4,11,17,3,2024,2024-03-17 06:33:00,1740.0,382.0,dairyplan,-9223372036849326551_2024-03-17 06:33:00
480,-9223372030454137969,-9223372036846039088,24,VI,C4,11,17,3,2024,2024-03-17 08:05:00,3500.0,583.0,dairyplan,-9223372036846039088_2024-03-17 08:05:00
481,-9223372030455819832,-9223372036849326551,24,VI,C4,11,16,3,2024,2024-03-16 18:24:00,3220.0,,dairyplan,-9223372036849326551_2024-03-16 18:24:00
482,-9223372030457075541,-9223372036849326551,24,VI,C4,11,16,3,2024,2024-03-16 17:50:00,1530.0,448.0,dairyplan,-9223372036849326551_2024-03-16 17:50:00
483,-9223372030459743422,-9223372036849326551,24,VI,C4,11,16,3,2024,2024-03-16 05:36:00,1280.0,574.0,dairyplan,-9223372036849326551_2024-03-16 05:36:00
484,-9223372030463083973,-9223372036846039088,24,VI,C4,11,15,3,2024,2024-03-15 07:53:00,1870.0,400.0,dairyplan,-9223372036846039088_2024-03-15 07:53:00
485,-9223372030465188650,-9223372036849326551,24,VI,C4,11,15,3,2024,2024-03-15 05:46:00,1570.0,530.0,dairyplan,-9223372036849326551_2024-03-15 05:46:00
486,-9223372030467141013,-9223372036849326551,24,VI,C4,11,14,3,2024,2024-03-14 17:20:00,1510.0,408.0,dairyplan,-9223372036849326551_2024-03-14 17:20:00
487,-9223372030468384684,-9223372036849326551,24,VI,C4,11,14,3,2024,2024-03-14 06:24:00,3170.0,970.0,dairyplan,-9223372036849326551_2024-03-14 06:24:00
488,-9223372030468433926,-9223372036846039088,24,VI,C4,11,14,3,2024,2024-03-14 08:12:00,1340.0,301.0,dairyplan,-9223372036846039088_2024-03-14 08:12:00
489,-9223372030470828054,-9223372036849326551,24,VI,C4,11,14,3,2024,2024-03-14 05:40:00,1600.0,500.0,dairyplan,-9223372036849326551_2024-03-14 05:40:00
490,-9223372030474132714,-9223372036849326551,24,VI,C4,11,13,3,2024,2024-03-13 06:11:00,1510.0,296.0,dairyplan,-9223372036849326551_2024-03-13 06:11:00
491,-9223372030476309374,-9223372036849326551,24,VI,C4,11,13,3,2024,2024-03-13 05:40:00,1240.0,533.0,dairyplan,-9223372036849326551_2024-03-13 05:40:00
492,-9223372030478603240,-9223372036849326551,24,VI,C4,11,12,3,2024,2024-03-12 17:29:00,1570.0,529.0,dairyplan,-9223372036849326551_2024-03-12 17:29:00
493,-9223372030480492012,-9223372036846039088,24,VI,C4,11,12,3,2024,2024-03-12 07:46:00,980.0,221.0,dairyplan,-9223372036846039088_2024-03-12 07:46:00
494,-9223372030482059893,-9223372036849326551,24,VI,C4,11,12,3,2024,2024-03-12 05:41:00,1590.0,579.0,dairyplan,-9223372036849326551_2024-03-12 05:41:00
495,-9223372030482256275,-9223372036846039088,24,VI,C4,11,11,3,2024,2024-03-11 19:54:00,3340.0,949.0,dairyplan,-9223372036846039088_2024-03-11 19:54:00
496,-9223372030486757749,-9223372036846039088,24,VI,C4,11,11,3,2024,2024-03-11 07:28:00,1010.0,194.0,dairyplan,-9223372036846039088_2024-03-11 07:28:00
497,-9223372030488330291,-9223372036849326551,24,VI,C4,11,11,3,2024,2024-03-11 05:39:00,1760.0,543.0,dairyplan,-9223372036849326551_2024-03-11 05:39:00
498,-9223372030488442474,-9223372036846039088,24,VI,C4,11,10,3,2024,2024-03-10 18:34:00,990.0,244.0,dairyplan,-9223372036846039088_2024-03-10 18:34:00
499,-9223372030490641837,-9223372036849326551,24,VI,C4,11,10,3,2024,2024-03-10 06:07:00,1330.0,381.0,dairyplan,-9223372036849326551_2024-03-10 06:07:00
500,-9223372030490673559,-9223372036846039088,24,VI,C4,11,10,3,2024,2024-03-10 07:50:00,2410.0,692.0,dairyplan,-9223372036846039088_2024-03-10 07:50:00
501,-9223372030494426535,-9223372036846039088,24,VI,C4,11,9,3,2024,2024-03-09 07:10:00,980.0,235.0,dairyplan,-9223372036846039088_2024-03-09 07:10:00
502,-9223372030495991838,-9223372036846039088,24,VI,C4,11,8,3,2024,2024-03-08 18:43:00,890.0,225.0,dairyplan,-9223372036846039088_2024-03-08 18:43:00
503,-9223372030500020419,-9223372036846039088,24,VI,C4,11,8,3,2024,2024-03-08 07:37:00,1010.0,216.0,dairyplan,-9223372036846039088_2024-03-08 07:37:00
504,-9223372030501870905,-9223372036849326551,24,VI,C4,11,8,3,2024,2024-03-08 05:50:00,1510.0,773.0,dairyplan,-9223372036849326551_2024-03-08 05:50:00
505,-9223372030501880433,-9223372036846039088,24,VI,C4,11,7,3,2024,2024-03-07 19:21:00,940.0,207.0,dairyplan,-9223372036846039088_2024-03-07 19:21:00
506,-9223372030503766164,-9223372036849326551,24,VI,C4,11,7,3,2024,2024-03-07 17:52:00,1590.0,473.0,dairyplan,-9223372036849326551_2024-03-07 17:52:00
507,-9223372030505752483,-9223372036849326551,24,VI,C4,11,7,3,2024,2024-03-07 07:23:00,5050.0,,dairyplan,-9223372036849326551_2024-03-07 07:23:00
508,-9223372030505805180,-9223372036846039088,24,VI,C4,11,7,3,2024,2024-03-07 07:49:00,1070.0,223.0,dairyplan,-9223372036846039088_2024-03-07 07:49:00
509,-9223372030507794698,-9223372036846039088,24,VI,C4,11,6,3,2024,2024-03-06 19:11:00,1230.0,272.0,dairyplan,-9223372036846039088_2024-03-06 19:11:00
510,-9223372030507819365,-9223372036849326551,24,VI,C4,11,7,3,2024,2024-03-07 05:46:00,1390.0,282.0,dairyplan,-9223372036849326551_2024-03-07 05:46:00
511,-9223372030511646483,-9223372036846039088,24,VI,C4,11,6,3,2024,2024-03-06 08:08:00,1100.0,272.0,dairyplan,-9223372036846039088_2024-03-06 08:08:00
512,-9223372030513540534,-9223372036849326551,24,VI,C4,11,6,3,2024,2024-03-06 05:57:00,860.0,290.0,dairyplan,-9223372036849326551_2024-03-06 05:57:00
513,-9223372030513591874,-9223372036846039088,24,VI,C4,11,5,3,2024,2024-03-05 19:38:00,910.0,237.0,dairyplan,-9223372036846039088_2024-03-05 19:38:00
514,-9223372030516501026,-9223372036849326551,24,VI,C4,11,5,3,2024,2024-03-05 07:36:00,1570.0,414.0,dairyplan,-9223372036849326551_2024-03-05 07:36:00
515,-9223372030516564256,-9223372036846039088,24,VI,C4,11,5,3,2024,2024-03-05 07:53:00,770.0,197.0,dairyplan,-9223372036846039088_2024-03-05 07:53:00
516,-9223372030522986711,-9223372036849326551,24,VI,C4,11,4,3,2024,2024-03-04 07:14:00,3740.0,,dairyplan,-9223372036849326551_2024-03-04 07:14:00
517,-9223372030524571986,-9223372036849326551,24,VI,C4,11,3,3,2024,2024-03-03 18:23:00,1230.0,258.0,dairyplan,-9223372036849326551_2024-03-03 18:23:00
518,-9223372030524612925,-9223372036846039088,24,VI,C4,11,3,3,2024,2024-03-03 20:00:00,3510.0,963.0,dairyplan,-9223372036846039088_2024-03-03 20:00:00
519,-9223372030526700467,-9223372036846039088,24,VI,C4,11,3,3,2024,2024-03-03 08:02:00,2220.0,570.0,dairyplan,-9223372036846039088_2024-03-03 08:02:00
520,-9223372030528204424,-9223372036846039088,24,VI,C4,11,2,3,2024,2024-03-02 19:02:00,2290.0,532.0,dairyplan,-9223372036846039088_2024-03-02 19:02:00
521,-9223372030528432358,-9223372036849326551,24,VI,C4,11,2,3,2024,2024-03-02 18:32:00,3020.0,956.0,dairyplan,-9223372036849326551_2024-03-02 18:32:00
522,-9223372030530432804,-9223372036846039088,24,VI,C4,11,2,3,2024,2024-03-02 08:06:00,1120.0,382.0,dairyplan,-9223372036846039088_2024-03-02 08:06:00
523,-9223372030532112482,-9223372036846039088,24,VI,C4,11,1,3,2024,2024-03-01 18:43:00,1470.0,322.0,dairyplan,-9223372036846039088_2024-03-01 18:43:00
524,-9223372030536102319,-9223372036846039088,24,VI,C4,11,1,3,2024,2024-03-01 07:47:00,1000.0,221.0,dairyplan,-9223372036846039088_2024-03-01 07:47:00
525,-9223372030536126470,-9223372036849326551,24,VI,C4,11,1,3,2024,2024-03-01 07:21:00,1430.0,327.0,dairyplan,-9223372036849326551_2024-03-01 07:21:00
526,-9223372030172113734,-9223372036846039088,24,VI,C4,11,30,4,2024,2024-04-30 18:18:00,890.0,195.0,dairyplan,-9223372036846039088_2024-04-30 18:18:00
527,-9223372030178344307,-9223372036846039088,24,VI,C4,11,29,4,2024,2024-04-29 18:58:00,3040.0,907.0,dairyplan,-9223372036846039088_2024-04-29 18:58:00
528,-9223372030183685786,-9223372036846039088,24,VI,C4,11,29,4,2024,2024-04-29 07:17:00,640.0,300.0,dairyplan,-9223372036846039088_2024-04-29 07:17:00
529,-9223372030187808562,-9223372036846039088,24,VI,C4,11,28,4,2024,2024-04-28 18:42:00,1930.0,740.0,dairyplan,-9223372036846039088_2024-04-28 18:42:00
530,-9223372030190805221,-9223372036846039088,24,VI,C4,11,28,4,2024,2024-04-28 07:28:00,1570.0,441.0,dairyplan,-9223372036846039088_2024-04-28 07:28:00
531,-9223372030195130333,-9223372036846039088,24,VI,C4,11,27,4,2024,2024-04-27 19:44:00,870.0,226.0,dairyplan,-9223372036846039088_2024-04-27 19:44:00
532,-9223372030222068047,-9223372036846039088,24,VI,C4,11,26,4,2024,2024-04-26 08:02:00,1500.0,346.0,dairyplan,-9223372036846039088_2024-04-26 08:02:00
533,-9223372030238485958,-9223372036846039088,24,VI,C4,11,23,4,2024,2024-04-23 19:53:00,1590.0,430.0,dairyplan,-9223372036846039088_2024-04-23 19:53:00
534,-9223372030248210739,-9223372036846039088,24,VI,C4,11,22,4,2024,2024-04-22 18:28:00,1550.0,500.0,dairyplan,-9223372036846039088_2024-04-22 18:28:00
535,-9223372030255568360,-9223372036846039088,24,VI,C4,11,22,4,2024,2024-04-22 07:47:00,2410.0,649.0,dairyplan,-9223372036846039088_2024-04-22 07:47:00
536,-9223372030258175328,-9223372036846039088,24,VI,C4,11,21,4,2024,2024-04-21 18:48:00,2060.0,646.0,dairyplan,-9223372036846039088_2024-04-21 18:48:00
537,-9223372030260546316,-9223372036846039088,24,VI,C4,11,21,4,2024,2024-04-21 07:17:00,1560.0,370.0,dairyplan,-9223372036846039088_2024-04-21 07:17:00
538,-9223372030264509638,-9223372036846039088,24,VI,C4,11,20,4,2024,2024-04-20 07:39:00,1410.0,298.0,dairyplan,-9223372036846039088_2024-04-20 07:39:00
539,-9223372030266388885,-9223372036846039088,24,VI,C4,11,19,4,2024,2024-04-19 18:59:00,1130.0,259.0,dairyplan,-9223372036846039088_2024-04-19 18:59:00
540,-9223372030268031266,-9223372036846039088,24,VI,C4,11,19,4,2024,2024-04-19 07:48:00,1420.0,314.0,dairyplan,-9223372036846039088_2024-04-19 07:48:00
541,-9223372030268318520,-9223372036846039088,24,VI,C4,11,18,4,2024,2024-04-18 19:26:00,920.0,182.0,dairyplan,-9223372036846039088_2024-04-18 19:26:00
542,-9223372030277978836,-9223372036846039088,24,VI,C4,11,17,4,2024,2024-04-17 18:21:00,2620.0,577.0,dairyplan,-9223372036846039088_2024-04-17 18:21:00
543,-9223372030285806280,-9223372036846039088,24,VI,C4,11,16,4,2024,2024-04-16 17:50:00,720.0,171.0,dairyplan,-9223372036846039088_2024-04-16 17:50:00
544,-9223372030289757934,-9223372036846039088,24,VI,C4,11,15,4,2024,2024-04-15 18:44:00,2090.0,695.0,dairyplan,-9223372036846039088_2024-04-15 18:44:00
545,-9223372030294545894,-9223372036849326551,24,VI,C4,11,15,4,2024,2024-04-15 07:30:00,1670.0,301.0,dairyplan,-9223372036849326551_2024-04-15 07:30:00
546,-9223372030296181432,-9223372036846039088,24,VI,C4,11,14,4,2024,2024-04-14 18:36:00,2210.0,469.0,dairyplan,-9223372036846039088_2024-04-14 18:36:00
547,-9223372030302660651,-9223372036846039088,24,VI,C4,11,13,4,2024,2024-04-13 07:24:00,2480.0,672.0,dairyplan,-9223372036846039088_2024-04-13 07:24:00
548,-9223372030302700726,-9223372036849326551,24,VI,C4,11,13,4,2024,2024-04-13 07:20:00,2370.0,715.0,dairyplan,-9223372036849326551_2024-04-13 07:20:00
549,-9223372030306762504,-9223372036849326551,24,VI,C4,11,12,4,2024,2024-04-12 17:35:00,1220.0,333.0,dairyplan,-9223372036849326551_2024-04-12 17:35:00
550,-9223372030306782935,-9223372036846039088,24,VI,C4,11,12,4,2024,2024-04-12 17:53:00,710.0,383.0,dairyplan,-9223372036846039088_2024-04-12 17:53:00
551,-9223372030307960594,-9223372036846039088,24,VI,C4,11,12,4,2024,2024-04-12 07:35:00,1190.0,240.0,dairyplan,-9223372036846039088_2024-04-12 07:35:00
552,-9223372030321887567,-9223372036849326551,24,VI,C4,11,10,4,2024,2024-04-10 18:00:00,1080.0,424.0,dairyplan,-9223372036849326551_2024-04-10 18:00:00
553,-9223372030327062021,-9223372036849326551,24,VI,C4,11,10,4,2024,2024-04-10 06:51:00,1990.0,356.0,dairyplan,-9223372036849326551_2024-04-10 06:51:00
554,-9223372030327326602,-9223372036846039088,24,VI,C4,11,10,4,2024,2024-04-10 07:21:00,2590.0,733.0,dairyplan,-9223372036846039088_2024-04-10 07:21:00
555,-9223372030329776869,-9223372036849326551,24,VI,C4,11,9,4,2024,2024-04-09 18:27:00,3550.0,,dairyplan,-9223372036849326551_2024-04-09 18:27:00
556,-9223372030329839750,-9223372036846039088,24,VI,C4,11,9,4,2024,2024-04-09 18:49:00,1370.0,325.0,dairyplan,-9223372036846039088_2024-04-09 18:49:00
557,-9223372030332342503,-9223372036849326551,24,VI,C4,11,9,4,2024,2024-04-09 17:59:00,1240.0,394.0,dairyplan,-9223372036849326551_2024-04-09 17:59:00
558,-9223372030333947305,-9223372036846039088,24,VI,C4,11,9,4,2024,2024-04-09 07:57:00,3620.0,924.0,dairyplan,-9223372036846039088_2024-04-09 07:57:00
559,-9223372030333995018,-9223372036849326551,24,VI,C4,11,9,4,2024,2024-04-09 07:22:00,150.0,291.0,dairyplan,-9223372036849326551_2024-04-09 07:22:00
560,-9223372030340119063,-9223372036846039088,24,VI,C4,11,8,4,2024,2024-04-08 06:42:00,1620.0,363.0,dairyplan,-9223372036846039088_2024-04-08 06:42:00
561,-9223372030343450408,-9223372036846039088,24,VI,C4,11,7,4,2024,2024-04-07 17:56:00,1410.0,499.0,dairyplan,-9223372036846039088_2024-04-07 17:56:00
562,-9223372030343462001,-9223372036849326551,24,VI,C4,11,7,4,2024,2024-04-07 16:37:00,1150.0,350.0,dairyplan,-9223372036849326551_2024-04-07 16:37:00
563,-9223372030344372392,-9223372036849326551,24,VI,C4,11,7,4,2024,2024-04-07 06:25:00,1610.0,507.0,dairyplan,-9223372036849326551_2024-04-07 06:25:00
564,-9223372030346215542,-9223372036846039088,24,VI,C4,11,6,4,2024,2024-04-06 18:54:00,810.0,286.0,dairyplan,-9223372036846039088_2024-04-06 18:54:00
565,-9223372030347483687,-9223372036849326551,24,VI,C4,11,6,4,2024,2024-04-06 17:47:00,1420.0,242.0,dairyplan,-9223372036849326551_2024-04-06 17:47:00
566,-9223372030351728043,-9223372036849326551,24,VI,C4,11,5,4,2024,2024-04-05 17:57:00,1710.0,450.0,dairyplan,-9223372036849326551_2024-04-05 17:57:00
567,-9223372030353427702,-9223372036849326551,24,VI,C4,11,5,4,2024,2024-04-05 06:00:00,1330.0,720.0,dairyplan,-9223372036849326551_2024-04-05 06:00:00
568,-9223372030355400737,-9223372036849326551,24,VI,C4,11,5,4,2024,2024-04-05 05:58:00,1280.0,340.0,dairyplan,-9223372036849326551_2024-04-05 05:58:00
569,-9223372030355530245,-9223372036846039088,24,VI,C4,11,4,4,2024,2024-04-04 18:14:00,1570.0,332.0,dairyplan,-9223372036846039088_2024-04-04 18:14:00
570,-9223372030365495114,-9223372036846039088,24,VI,C4,11,3,4,2024,2024-04-03 06:53:00,870.0,203.0,dairyplan,-9223372036846039088_2024-04-03 06:53:00
571,-9223372030365509809,-9223372036849326551,24,VI,C4,11,3,4,2024,2024-04-03 07:19:00,6030.0,,dairyplan,-9223372036849326551_2024-04-03 07:19:00
572,-9223372030367270665,-9223372036846039088,24,VI,C4,11,2,4,2024,2024-04-02 19:21:00,2240.0,943.0,dairyplan,-9223372036846039088_2024-04-02 19:21:00
573,-9223372030373102272,-9223372036849326551,24,VI,C4,11,1,4,2024,2024-04-01 18:37:00,1600.0,412.0,dairyplan,-9223372036849326551_2024-04-01 18:37:00
574,-9223372030373197048,-9223372036846039088,24,VI,C4,11,1,4,2024,2024-04-01 18:51:00,710.0,184.0,dairyplan,-9223372036846039088_2024-04-01 18:51:00
575,-9223372030375412392,-9223372036846039088,24,VI,C4,11,1,4,2024,2024-04-01 07:30:00,1470.0,249.0,dairyplan,-9223372036846039088_2024-04-01 07:30:00
576,-9223372030040790692,-9223372036846039088,24,VI,C4,11,29,5,2024,2024-05-29 18:45:00,2020.0,315.0,dairyplan,-9223372036846039088_2024-05-29 18:45:00
577,-9223372030044802718,-9223372036846039088,24,VI,C4,11,29,5,2024,2024-05-29 07:48:00,1330.0,323.0,dairyplan,-9223372036846039088_2024-05-29 07:48:00
578,-9223372030052309495,-9223372036846039088,24,VI,C4,11,28,5,2024,2024-05-28 07:45:00,2330.0,424.0,dairyplan,-9223372036846039088_2024-05-28 07:45:00
579,-9223372030053547537,-9223372036846039088,24,VI,C4,11,27,5,2024,2024-05-27 18:26:00,2390.0,720.0,dairyplan,-9223372036846039088_2024-05-27 18:26:00
580,-9223372030057870857,-9223372036846039088,24,VI,C4,11,27,5,2024,2024-05-27 07:48:00,3250.0,695.0,dairyplan,-9223372036846039088_2024-05-27 07:48:00
581,-9223372030062068673,-9223372036846039088,24,VI,C4,11,26,5,2024,2024-05-26 07:41:00,1770.0,305.0,dairyplan,-9223372036846039088_2024-05-26 07:41:00
582,-9223372030063860076,-9223372036846039088,24,VI,C4,11,25,5,2024,2024-05-25 18:28:00,1260.0,273.0,dairyplan,-9223372036846039088_2024-05-25 18:28:00
583,-9223372030066285999,-9223372036846039088,24,VI,C4,11,25,5,2024,2024-05-25 07:57:00,2070.0,352.0,dairyplan,-9223372036846039088_2024-05-25 07:57:00
584,-9223372030097053646,-9223372036846039088,24,VI,C4,11,19,5,2024,2024-05-19 18:32:00,1630.0,280.0,dairyplan,-9223372036846039088_2024-05-19 18:32:00
585,-9223372030099534914,-9223372036846039088,24,VI,C4,11,19,5,2024,2024-05-19 07:34:00,1140.0,260.0,dairyplan,-9223372036846039088_2024-05-19 07:34:00
586,-9223372030100521107,-9223372036846039088,24,VI,C4,11,18,5,2024,2024-05-18 19:24:00,1970.0,509.0,dairyplan,-9223372036846039088_2024-05-18 19:24:00
587,-9223372030103675190,-9223372036846039088,24,VI,C4,11,18,5,2024,2024-05-18 07:35:00,1740.0,267.0,dairyplan,-9223372036846039088_2024-05-18 07:35:00
588,-9223372030109117253,-9223372036846039088,24,VI,C4,11,17,5,2024,2024-05-17 08:08:00,4560.0,,dairyplan,-9223372036846039088_2024-05-17 08:08:00
589,-9223372030110073654,-9223372036846039088,24,VI,C4,11,16,5,2024,2024-05-16 18:30:00,680.0,249.0,dairyplan,-9223372036846039088_2024-05-16 18:30:00
590,-9223372030121954484,-9223372036846039088,24,VI,C4,11,14,5,2024,2024-05-14 18:57:00,1970.0,629.0,dairyplan,-9223372036846039088_2024-05-14 18:57:00
591,-9223372030126273712,-9223372036846039088,24,VI,C4,11,14,5,2024,2024-05-14 07:59:00,1800.0,430.0,dairyplan,-9223372036846039088_2024-05-14 07:59:00
592,-9223372030127000998,-9223372036846039088,24,VI,C4,11,13,5,2024,2024-05-13 18:09:00,1650.0,276.0,dairyplan,-9223372036846039088_2024-05-13 18:09:00
593,-9223372030131187567,-9223372036846039088,24,VI,C4,11,12,5,2024,2024-05-12 18:44:00,2030.0,456.0,dairyplan,-9223372036846039088_2024-05-12 18:44:00
594,-9223372030133294783,-9223372036846039088,24,VI,C4,11,12,5,2024,2024-05-12 07:49:00,830.0,260.0,dairyplan,-9223372036846039088_2024-05-12 07:49:00
595,-9223372030134927876,-9223372036846039088,24,VI,C4,11,11,5,2024,2024-05-11 18:54:00,3750.0,918.0,dairyplan,-9223372036846039088_2024-05-11 18:54:00
596,-9223372030136312347,-9223372036846039088,24,VI,C4,11,11,5,2024,2024-05-11 07:36:00,1390.0,330.0,dairyplan,-9223372036846039088_2024-05-11 07:36:00
597,-9223372030137563486,-9223372036846039088,24,VI,C4,11,9,5,2024,2024-05-09 18:26:00,1450.0,413.0,dairyplan,-9223372036846039088_2024-05-09 18:26:00
598,-9223372030141091174,-9223372036846039088,24,VI,C4,11,8,5,2024,2024-05-08 18:39:00,910.0,196.0,dairyplan,-9223372036846039088_2024-05-08 18:39:00
599,-9223372030142632047,-9223372036846039088,24,VI,C4,11,8,5,2024,2024-05-08 07:57:00,980.0,280.0,dairyplan,-9223372036846039088_2024-05-08 07:57:00
600,-9223372030144141638,-9223372036846039088,24,VI,C4,11,7,5,2024,2024-05-07 19:02:00,2870.0,794.0,dairyplan,-9223372036846039088_2024-05-07 19:02:00
601,-9223372030146962052,-9223372036846039088,24,VI,C4,11,7,5,2024,2024-05-07 07:55:00,3260.0,824.0,dairyplan,-9223372036846039088_2024-05-07 07:55:00
602,-9223372030150169078,-9223372036846039088,24,VI,C4,11,6,5,2024,2024-05-06 17:57:00,1310.0,213.0,dairyplan,-9223372036846039088_2024-05-06 17:57:00
603,-9223372030151762059,-9223372036846039088,24,VI,C4,11,6,5,2024,2024-05-06 07:55:00,1910.0,466.0,dairyplan,-9223372036846039088_2024-05-06 07:55:00
604,-9223372030152990284,-9223372036846039088,24,VI,C4,11,5,5,2024,2024-05-05 18:33:00,3410.0,,dairyplan,-9223372036846039088_2024-05-05 18:33:00
605,-9223372030154651015,-9223372036846039088,24,VI,C4,11,5,5,2024,2024-05-05 07:41:00,1400.0,271.0,dairyplan,-9223372036846039088_2024-05-05 07:41:00
606,-9223372030156183747,-9223372036846039088,24,VI,C4,11,4,5,2024,2024-05-04 18:47:00,780.0,196.0,dairyplan,-9223372036846039088_2024-05-04 18:47:00
607,-9223372030157643232,-9223372036846039088,24,VI,C4,11,4,5,2024,2024-05-04 07:56:00,1700.0,463.0,dairyplan,-9223372036846039088_2024-05-04 07:56:00
608,-9223372030160065579,-9223372036846039088,24,VI,C4,11,3,5,2024,2024-05-03 07:30:00,1910.0,324.0,dairyplan,-9223372036846039088_2024-05-03 07:30:00
609,-9223372030160575545,-9223372036846039088,24,VI,C4,11,2,5,2024,2024-05-02 18:13:00,980.0,238.0,dairyplan,-9223372036846039088_2024-05-02 18:13:00
610,-9223372030165464478,-9223372036846039088,24,VI,C4,11,1,5,2024,2024-05-01 18:09:00,860.0,239.0,dairyplan,-9223372036846039088_2024-05-01 18:09:00
611,-9223372030168588426,-9223372036846039088,24,VI,C4,11,1,5,2024,2024-05-01 07:26:00,940.0,319.0,dairyplan,-9223372036846039088_2024-05-01 07:26:00
