,idMisuraPrimaria,idAnimale,codiceIstat,siglaProvincia,codiceSpecieAIA,codiceRazzaAIA,giorno,mese,anno,Ibr,DataAnalisiIbr,NumeroCampioneIbr,full_date,identifying_column
0,-9223372036213197894,-9223372036848633100,1,TO,C4,11,1,12,2017,Negativo,2017-12-01,76039189.0,2017-12-01,-9223372036848633100_2017-12-01
1,-9223372036213117344,-9223372036850092192,1,TO,C4,11,30,3,2018,Negativo,2018-03-30,75845693.0,2018-03-30,-9223372036850092192_2018-03-30
2,-9223372036213117882,-9223372036849048113,1,TO,C4,11,30,3,2018,Positivo,2018-03-30,75845118.0,2018-03-30,-9223372036849048113_2018-03-30
3,-9223372036213119792,-9223372036849084252,1,TO,C4,11,29,3,2018,Negativo,2018-03-29,76072729.0,2018-03-29,-9223372036849084252_2018-03-29
4,-9223372036213120929,-9223372036849090450,1,TO,C4,11,30,3,2018,Positivo,2018-03-30,75844906.0,2018-03-30,-9223372036849090450_2018-03-30
5,-9223372036213127034,-9223372036850548395,1,TO,C4,11,22,3,2018,Positivo,2018-03-22,75945390.0,2018-03-22,-9223372036850548395_2018-03-22
6,-9223372036213127221,-9223372036849919083,1,TO,C4,11,29,3,2018,Negativo,2018-03-29,76096023.0,2018-03-29,-9223372036849919083_2018-03-29
7,-9223372036213127233,-9223372036850191155,1,TO,C4,11,2,3,2018,Negativo,2018-03-02,75737333.0,2018-03-02,-9223372036850191155_2018-03-02
8,-9223372036213128345,-9223372036849396403,1,TO,C4,11,30,3,2018,Negativo,2018-03-30,75845606.0,2018-03-30,-9223372036849396403_2018-03-30
9,-9223372036213129553,-9223372036850096099,1,TO,C4,11,30,3,2018,Negativo,2018-03-30,75845736.0,2018-03-30,-9223372036850096099_2018-03-30
10,-9223372036213130311,-9223372036850548550,1,TO,C4,11,22,3,2018,Positivo,2018-03-22,75945459.0,2018-03-22,-9223372036850548550_2018-03-22
11,-9223372036213130714,-9223372036849121430,1,TO,C4,11,30,3,2018,Negativo,2018-03-30,75845472.0,2018-03-30,-9223372036849121430_2018-03-30
12,-9223372036213130741,-9223372036850034775,1,TO,C4,11,30,3,2018,Positivo,2018-03-30,75845277.0,2018-03-30,-9223372036850034775_2018-03-30
13,-9223372036213131757,-9223372036850028546,1,TO,C4,11,30,3,2018,Positivo,2018-03-30,75844955.0,2018-03-30,-9223372036850028546_2018-03-30
14,-9223372036213133176,-9223372036848627098,1,TO,C4,11,29,3,2018,Negativo,2018-03-29,76141005.0,2018-03-29,-9223372036848627098_2018-03-29
15,-9223372036213133386,-9223372036850034758,1,TO,C4,11,30,3,2018,Positivo,2018-03-30,75844990.0,2018-03-30,-9223372036850034758_2018-03-30
16,-9223372036213133890,-9223372036850034593,1,TO,C4,11,30,3,2018,Positivo,2018-03-30,75844950.0,2018-03-30,-9223372036850034593_2018-03-30
17,-9223372036213135273,-9223372036849919040,1,TO,C4,11,29,3,2018,Negativo,2018-03-29,76095850.0,2018-03-29,-9223372036849919040_2018-03-29
18,-9223372036213136968,-9223372036849082316,1,TO,C4,11,30,3,2018,Positivo,2018-03-30,75844982.0,2018-03-30,-9223372036849082316_2018-03-30
19,-9223372036213136983,-9223372036848656767,1,TO,C4,11,29,3,2018,Negativo,2018-03-29,76095695.0,2018-03-29,-9223372036848656767_2018-03-29
20,-9223372036213137372,-9223372036848624979,1,TO,C4,11,22,3,2018,Positivo,2018-03-22,75945458.0,2018-03-22,-9223372036848624979_2018-03-22
21,-9223372036213137737,-9223372036849082293,1,TO,C4,11,30,3,2018,Positivo,2018-03-30,75845136.0,2018-03-30,-9223372036849082293_2018-03-30
22,-9223372036213138127,-9223372036849062413,1,TO,C4,11,30,3,2018,Positivo,2018-03-30,75844830.0,2018-03-30,-9223372036849062413_2018-03-30
23,-9223372036213138514,-9223372036848655037,1,TO,C4,11,29,3,2018,Negativo,2018-03-29,76140719.0,2018-03-29,-9223372036848655037_2018-03-29
24,-9223372036213140541,-9223372036848620248,1,TO,C4,11,20,3,2018,Negativo,2018-03-20,75745836.0,2018-03-20,-9223372036848620248_2018-03-20
25,-9223372036213141441,-9223372036850228149,1,TO,C4,11,20,3,2018,Negativo,2018-03-20,76104378.0,2018-03-20,-9223372036850228149_2018-03-20
26,-9223372036213141571,-9223372036848633100,1,TO,C4,11,2,3,2018,Negativo,2018-03-02,76102964.0,2018-03-02,-9223372036848633100_2018-03-02
27,-9223372036213142615,-9223372036850228497,1,TO,C4,11,20,3,2018,Negativo,2018-03-20,76104683.0,2018-03-20,-9223372036850228497_2018-03-20
28,-9223372036213145531,-9223372036850028521,1,TO,C4,11,30,3,2018,Positivo,2018-03-30,75845133.0,2018-03-30,-9223372036850028521_2018-03-30
29,-9223372036213147438,-9223372036850548466,1,TO,C4,11,22,3,2018,Positivo,2018-03-22,75945601.0,2018-03-22,-9223372036850548466_2018-03-22
30,-9223372036213148276,-9223372036849627215,1,TO,C4,11,20,3,2018,Negativo,2018-03-20,76104244.0,2018-03-20,-9223372036849627215_2018-03-20
31,-9223372036213150204,-9223372036850034876,1,TO,C4,11,30,3,2018,Positivo,2018-03-30,75939997.0,2018-03-30,-9223372036850034876_2018-03-30
32,-9223372036213150703,-9223372036850092206,1,TO,C4,11,30,3,2018,Negativo,2018-03-30,75845677.0,2018-03-30,-9223372036850092206_2018-03-30
33,-9223372036213151923,-9223372036849919128,1,TO,C4,11,29,3,2018,Negativo,2018-03-29,76140884.0,2018-03-29,-9223372036849919128_2018-03-29
34,-9223372036213152923,-9223372036849082497,1,TO,C4,11,30,3,2018,Positivo,2018-03-30,75845004.0,2018-03-30,-9223372036849082497_2018-03-30
35,-9223372036213154158,-9223372036848654485,1,TO,C4,11,29,3,2018,Negativo,2018-03-29,76140867.0,2018-03-29,-9223372036848654485_2018-03-29
36,-9223372036213155003,-9223372036849053591,1,TO,C4,11,29,3,2018,Negativo,2018-03-29,76140757.0,2018-03-29,-9223372036849053591_2018-03-29
37,-9223372036213156896,-9223372036849088408,1,TO,C4,11,30,3,2018,Positivo,2018-03-30,75940132.0,2018-03-30,-9223372036849088408_2018-03-30
38,-9223372036213158624,-9223372036848657386,1,TO,C4,11,31,3,2018,Positivo,2018-03-31,76130073.0,2018-03-31,-9223372036848657386_2018-03-31
39,-9223372036213160476,-9223372036849057040,1,TO,C4,11,30,3,2018,Positivo,2018-03-30,75845274.0,2018-03-30,-9223372036849057040_2018-03-30
40,-9223372036213160699,-9223372036850034829,1,TO,C4,11,30,3,2018,Positivo,2018-03-30,75845403.0,2018-03-30,-9223372036850034829_2018-03-30
41,-9223372036213162058,-9223372036849919002,1,TO,C4,11,29,3,2018,Negativo,2018-03-29,76095771.0,2018-03-29,-9223372036849919002_2018-03-29
42,-9223372036213162103,-9223372036850096118,1,TO,C4,11,30,3,2018,Negativo,2018-03-30,75845660.0,2018-03-30,-9223372036850096118_2018-03-30
43,-9223372036213162198,-9223372036850095852,1,TO,C4,11,30,3,2018,Negativo,2018-03-30,75845908.0,2018-03-30,-9223372036850095852_2018-03-30
44,-9223372036213162298,-9223372036849060156,1,TO,C4,11,22,3,2018,Positivo,2018-03-22,75945466.0,2018-03-22,-9223372036849060156_2018-03-22
45,-9223372036213162455,-9223372036849152794,1,TO,C4,11,30,3,2018,Positivo,2018-03-30,75844951.0,2018-03-30,-9223372036849152794_2018-03-30
46,-9223372036213163777,-9223372036849918916,1,TO,C4,11,29,3,2018,Negativo,2018-03-29,76095698.0,2018-03-29,-9223372036849918916_2018-03-29
47,-9223372036213164275,-9223372036850096128,1,TO,C4,11,30,3,2018,Negativo,2018-03-30,75845654.0,2018-03-30,-9223372036850096128_2018-03-30
48,-9223372036213164442,-9223372036850229072,1,TO,C4,11,20,3,2018,Negativo,2018-03-20,76104255.0,2018-03-20,-9223372036850229072_2018-03-20
49,-9223372036213164843,-9223372036849156003,1,TO,C4,11,31,3,2018,Positivo,2018-03-31,76095842.0,2018-03-31,-9223372036849156003_2018-03-31
50,-9223372036213164964,-9223372036849136845,1,TO,C4,11,29,3,2018,Negativo,2018-03-29,76140971.0,2018-03-29,-9223372036849136845_2018-03-29
51,-9223372036213165147,-9223372036850034849,1,TO,C4,11,30,3,2018,Positivo,2018-03-30,75940365.0,2018-03-30,-9223372036850034849_2018-03-30
52,-9223372036213165265,-9223372036850228574,1,TO,C4,11,20,3,2018,Negativo,2018-03-20,76104727.0,2018-03-20,-9223372036850228574_2018-03-20
53,-9223372036213165311,-9223372036849048714,1,TO,C4,11,29,3,2018,Negativo,2018-03-29,76095868.0,2018-03-29,-9223372036849048714_2018-03-29
54,-9223372036213166749,-9223372036849048423,1,TO,C4,11,30,3,2018,Negativo,2018-03-30,75845624.0,2018-03-30,-9223372036849048423_2018-03-30
55,-9223372036213167004,-9223372036850034632,1,TO,C4,11,30,3,2018,Positivo,2018-03-30,75844963.0,2018-03-30,-9223372036850034632_2018-03-30
56,-9223372036213167440,-9223372036850095788,1,TO,C4,11,30,3,2018,Negativo,2018-03-30,75845838.0,2018-03-30,-9223372036850095788_2018-03-30
57,-9223372036213167479,-9223372036850298683,1,TO,C4,11,3,3,2018,Negativo,2018-03-03,75947020.0,2018-03-03,-9223372036850298683_2018-03-03
58,-9223372036213168211,-9223372036850028804,1,TO,C4,11,24,3,2018,Negativo,2018-03-24,75842590.0,2018-03-24,-9223372036850028804_2018-03-24
59,-9223372036213168716,-9223372036850095830,1,TO,C4,11,30,3,2018,Negativo,2018-03-30,75845679.0,2018-03-30,-9223372036850095830_2018-03-30
60,-9223372036213168762,-9223372036849052669,1,TO,C4,11,29,3,2018,Negativo,2018-03-29,76141026.0,2018-03-29,-9223372036849052669_2018-03-29
61,-9223372036213169754,-9223372036849396237,1,TO,C4,11,30,3,2018,Negativo,2018-03-30,75845767.0,2018-03-30,-9223372036849396237_2018-03-30
62,-9223372036213170233,-9223372036850548474,1,TO,C4,11,22,3,2018,Positivo,2018-03-22,75945752.0,2018-03-22,-9223372036850548474_2018-03-22
63,-9223372036213170650,-9223372036848656035,1,TO,C4,11,22,3,2018,Negativo,2018-03-22,75945679.0,2018-03-22,-9223372036848656035_2018-03-22
64,-9223372036213171513,-9223372036850095839,1,TO,C4,11,30,3,2018,Negativo,2018-03-30,75845514.0,2018-03-30,-9223372036850095839_2018-03-30
65,-9223372036213174017,-9223372036850095752,1,TO,C4,11,30,3,2018,Negativo,2018-03-30,75845526.0,2018-03-30,-9223372036850095752_2018-03-30
66,-9223372036213177057,-9223372036848625548,1,TO,C4,11,29,3,2018,Negativo,2018-03-29,76140928.0,2018-03-29,-9223372036848625548_2018-03-29
67,-9223372036213178411,-9223372036850095794,1,TO,C4,11,30,3,2018,Negativo,2018-03-30,75845628.0,2018-03-30,-9223372036850095794_2018-03-30
68,-9223372036213181143,-9223372036850095759,1,TO,C4,11,30,3,2018,Negativo,2018-03-30,75845878.0,2018-03-30,-9223372036850095759_2018-03-30
69,-9223372036213181444,-9223372036850034605,1,TO,C4,11,30,3,2018,Positivo,2018-03-30,75940116.0,2018-03-30,-9223372036850034605_2018-03-30
70,-9223372036213181965,-9223372036850095860,1,TO,C4,11,30,3,2018,Negativo,2018-03-30,75845475.0,2018-03-30,-9223372036850095860_2018-03-30
71,-9223372036213182352,-9223372036850548587,1,TO,C4,11,22,3,2018,Positivo,2018-03-22,75945402.0,2018-03-22,-9223372036850548587_2018-03-22
72,-9223372036213182738,-9223372036848629128,1,TO,C4,11,20,3,2018,Negativo,2018-03-20,76104245.0,2018-03-20,-9223372036848629128_2018-03-20
73,-9223372036213183793,-9223372036850548505,1,TO,C4,11,22,3,2018,Positivo,2018-03-22,75945401.0,2018-03-22,-9223372036850548505_2018-03-22
74,-9223372036213184160,-9223372036848640269,1,TO,C4,11,29,3,2018,Negativo,2018-03-29,76140869.0,2018-03-29,-9223372036848640269_2018-03-29
75,-9223372036213186442,-9223372036848657106,1,TO,C4,11,31,3,2018,Positivo,2018-03-31,76095707.0,2018-03-31,-9223372036848657106_2018-03-31
76,-9223372036213188506,-9223372036850095717,1,TO,C4,11,30,3,2018,Negativo,2018-03-30,75845504.0,2018-03-30,-9223372036850095717_2018-03-30
77,-9223372036213190967,-9223372036848629725,1,TO,C4,11,20,3,2018,Negativo,2018-03-20,76104687.0,2018-03-20,-9223372036848629725_2018-03-20
78,-9223372036213191676,-9223372036849087935,1,TO,C4,11,30,3,2018,Negativo,2018-03-30,75845884.0,2018-03-30,-9223372036849087935_2018-03-30
79,-9223372036213191908,-9223372036850028788,1,TO,C4,11,24,3,2018,Negativo,2018-03-24,75842642.0,2018-03-24,-9223372036850028788_2018-03-24
80,-9223372036213192441,-9223372036849084264,1,TO,C4,11,30,3,2018,Positivo,2018-03-30,75845271.0,2018-03-30,-9223372036849084264_2018-03-30
81,-9223372036213192688,-9223372036849057891,1,TO,C4,11,24,3,2018,Negativo,2018-03-24,75842429.0,2018-03-24,-9223372036849057891_2018-03-24
82,-9223372036213192828,-9223372036850548495,1,TO,C4,11,22,3,2018,Positivo,2018-03-22,75945837.0,2018-03-22,-9223372036850548495_2018-03-22
83,-9223372036213193653,-9223372036849396392,1,TO,C4,11,30,3,2018,Negativo,2018-03-30,75845592.0,2018-03-30,-9223372036849396392_2018-03-30
84,-9223372036213193911,-9223372036849090035,1,TO,C4,11,30,3,2018,Positivo,2018-03-30,75844809.0,2018-03-30,-9223372036849090035_2018-03-30
85,-9223372036213193933,-9223372036850034885,1,TO,C4,11,30,3,2018,Positivo,2018-03-30,75940329.0,2018-03-30,-9223372036850034885_2018-03-30
86,-9223372036213195150,-9223372036848658515,1,TO,C4,11,22,3,2018,Positivo,2018-03-22,75945411.0,2018-03-22,-9223372036848658515_2018-03-22
87,-9223372036213195197,-9223372036850096367,1,TO,C4,11,30,3,2018,Negativo,2018-03-30,75845555.0,2018-03-30,-9223372036850096367_2018-03-30
88,-9223372036213195996,-9223372036849919092,1,TO,C4,11,29,3,2018,Negativo,2018-03-29,76096019.0,2018-03-29,-9223372036849919092_2018-03-29
89,-9223372036213196523,-9223372036850095815,1,TO,C4,11,30,3,2018,Negativo,2018-03-30,75845600.0,2018-03-30,-9223372036850095815_2018-03-30
90,-9223372036213197045,-9223372036850096376,1,TO,C4,11,30,3,2018,Negativo,2018-03-30,75845734.0,2018-03-30,-9223372036850096376_2018-03-30
91,-9223372036213197126,-9223372036850549715,1,TO,C4,11,28,3,2018,Positivo,2018-03-28,76095948.0,2018-03-28,-9223372036850549715_2018-03-28
92,-9223372036213198635,-9223372036849081749,1,TO,C4,11,30,3,2018,Positivo,2018-03-30,75845288.0,2018-03-30,-9223372036849081749_2018-03-30
93,-9223372036213198704,-9223372036848639573,1,TO,C4,11,29,3,2018,Negativo,2018-03-29,76140677.0,2018-03-29,-9223372036848639573_2018-03-29
94,-9223372036213200112,-9223372036848630206,1,TO,C4,11,29,3,2018,Negativo,2018-03-29,76140791.0,2018-03-29,-9223372036848630206_2018-03-29
95,-9223372036213200495,-9223372036849102446,1,TO,C4,11,24,3,2018,Negativo,2018-03-24,75842818.0,2018-03-24,-9223372036849102446_2018-03-24
96,-9223372036213201431,-9223372036850508357,1,TO,C4,11,20,3,2018,Negativo,2018-03-20,10542078.0,2018-03-20,-9223372036850508357_2018-03-20
97,-9223372036213201535,-9223372036850298354,1,TO,C4,11,3,3,2018,Negativo,2018-03-03,75947011.0,2018-03-03,-9223372036850298354_2018-03-03
98,-9223372036213201580,-9223372036849053038,1,TO,C4,11,30,3,2018,Positivo,2018-03-30,75940324.0,2018-03-30,-9223372036849053038_2018-03-30
99,-9223372036213202053,-9223372036850095823,1,TO,C4,11,30,3,2018,Negativo,2018-03-30,75845746.0,2018-03-30,-9223372036850095823_2018-03-30
100,-9223372036213202566,-9223372036849919105,1,TO,C4,11,29,3,2018,Negativo,2018-03-29,76140868.0,2018-03-29,-9223372036849919105_2018-03-29
101,-9223372036213203703,-9223372036850096385,1,TO,C4,11,30,3,2018,Negativo,2018-03-30,75845633.0,2018-03-30,-9223372036850096385_2018-03-30
102,-9223372036213203904,-9223372036849064861,1,TO,C4,11,3,3,2018,Positivo,2018-03-03,75706200.0,2018-03-03,-9223372036849064861_2018-03-03
103,-9223372036213204150,-9223372036848661959,1,TO,C4,11,22,3,2018,Positivo,2018-03-22,75945366.0,2018-03-22,-9223372036848661959_2018-03-22
104,-9223372036213207728,-9223372036849153312,1,TO,C4,11,22,3,2018,Positivo,2018-03-22,75945369.0,2018-03-22,-9223372036849153312_2018-03-22
105,-9223372036213210691,-9223372036850095773,1,TO,C4,11,30,3,2018,Negativo,2018-03-30,75845873.0,2018-03-30,-9223372036850095773_2018-03-30
106,-9223372036213211025,-9223372036850028529,1,TO,C4,11,30,3,2018,Positivo,2018-03-30,75940058.0,2018-03-30,-9223372036850028529_2018-03-30
107,-9223372036213211668,-9223372036850034748,1,TO,C4,11,30,3,2018,Positivo,2018-03-30,75940177.0,2018-03-30,-9223372036850034748_2018-03-30
108,-9223372036213213122,-9223372036849085158,1,TO,C4,11,29,3,2018,Negativo,2018-03-29,76095735.0,2018-03-29,-9223372036849085158_2018-03-29
109,-9223372036213215625,-9223372036849057041,1,TO,C4,11,30,3,2018,Positivo,2018-03-30,75844905.0,2018-03-30,-9223372036849057041_2018-03-30
110,-9223372036213216321,-9223372036850034858,1,TO,C4,11,30,3,2018,Positivo,2018-03-30,75845346.0,2018-03-30,-9223372036850034858_2018-03-30
111,-9223372036213217212,-9223372036849312648,1,TO,C4,11,31,3,2018,Positivo,2018-03-31,76125237.0,2018-03-31,-9223372036849312648_2018-03-31
112,-9223372036213218592,-9223372036849059756,1,TO,C4,11,30,3,2018,Positivo,2018-03-30,75845122.0,2018-03-30,-9223372036849059756_2018-03-30
113,-9223372036213219080,-9223372036849085682,1,TO,C4,11,30,3,2018,Positivo,2018-03-30,75846535.0,2018-03-30,-9223372036849085682_2018-03-30
114,-9223372036213219862,-9223372036849062412,1,TO,C4,11,30,3,2018,Positivo,2018-03-30,75845051.0,2018-03-30,-9223372036849062412_2018-03-30
115,-9223372036213220243,-9223372036848620842,1,TO,C4,11,22,3,2018,Positivo,2018-03-22,75945367.0,2018-03-22,-9223372036848620842_2018-03-22
116,-9223372036213220267,-9223372036849064337,1,TO,C4,11,24,3,2018,Negativo,2018-03-24,75842789.0,2018-03-24,-9223372036849064337_2018-03-24
117,-9223372036213220275,-9223372036849088245,1,TO,C4,11,30,3,2018,Positivo,2018-03-30,75845381.0,2018-03-30,-9223372036849088245_2018-03-30
118,-9223372036213221052,-9223372036848660458,1,TO,C4,11,29,3,2018,Negativo,2018-03-29,76140857.0,2018-03-29,-9223372036848660458_2018-03-29
119,-9223372036213221190,-9223372036849090356,1,TO,C4,11,30,3,2018,Positivo,2018-03-30,75845006.0,2018-03-30,-9223372036849090356_2018-03-30
120,-9223372036213221698,-9223372036849386136,1,TO,C4,11,3,3,2018,Positivo,2018-03-03,75706421.0,2018-03-03,-9223372036849386136_2018-03-03
121,-9223372036213224109,-9223372036850034575,1,TO,C4,11,30,3,2018,Positivo,2018-03-30,75845041.0,2018-03-30,-9223372036850034575_2018-03-30
122,-9223372036213224426,-9223372036849149368,1,TO,C4,11,29,3,2018,Negativo,2018-03-29,76140855.0,2018-03-29,-9223372036849149368_2018-03-29
123,-9223372036213225832,-9223372036850034498,1,TO,C4,11,30,3,2018,Positivo,2018-03-30,75940086.0,2018-03-30,-9223372036850034498_2018-03-30
124,-9223372036213225988,-9223372036849059757,1,TO,C4,11,30,3,2018,Positivo,2018-03-30,75940097.0,2018-03-30,-9223372036849059757_2018-03-30
125,-9223372036213227515,-9223372036848658191,1,TO,C4,11,29,3,2018,Negativo,2018-03-29,76140925.0,2018-03-29,-9223372036848658191_2018-03-29
126,-9223372036213228955,-9223372036850548542,1,TO,C4,11,22,3,2018,Positivo,2018-03-22,75945419.0,2018-03-22,-9223372036850548542_2018-03-22
127,-9223372036213229187,-9223372036850034714,1,TO,C4,11,30,3,2018,Positivo,2018-03-30,75844867.0,2018-03-30,-9223372036850034714_2018-03-30
128,-9223372036213229928,-9223372036849919137,1,TO,C4,11,29,3,2018,Negativo,2018-03-29,76095796.0,2018-03-29,-9223372036849919137_2018-03-29
129,-9223372036213230197,-9223372036849627198,1,TO,C4,11,20,3,2018,Negativo,2018-03-20,76104743.0,2018-03-20,-9223372036849627198_2018-03-20
130,-9223372036213118604,-9223372036849705754,96,BI,C4,11,28,5,2018,Negativo,2018-05-28,75763539.0,2018-05-28,-9223372036849705754_2018-05-28
131,-9223372036213136769,-9223372036849705756,96,BI,C4,11,28,5,2018,Negativo,2018-05-28,75763653.0,2018-05-28,-9223372036849705756_2018-05-28
132,-9223372036213181658,-9223372036848651435,96,BI,C4,11,28,5,2018,Negativo,2018-05-28,75763246.0,2018-05-28,-9223372036848651435_2018-05-28
133,-9223372036213224850,-9223372036849385888,96,BI,C4,11,28,5,2018,Negativo,2018-05-28,75763659.0,2018-05-28,-9223372036849385888_2018-05-28
134,-9223372036213122573,-9223372036849086980,4,CN,C4,11,27,7,2018,Positivo,2018-07-27,12626767.0,2018-07-27,-9223372036849086980_2018-07-27
135,-9223372036213124133,-9223372036849927653,4,CN,C4,11,27,7,2018,Positivo,2018-07-27,12627026.0,2018-07-27,-9223372036849927653_2018-07-27
136,-9223372036213124304,-9223372036849623626,4,CN,C4,11,27,7,2018,Positivo,2018-07-27,12626541.0,2018-07-27,-9223372036849623626_2018-07-27
137,-9223372036213132802,-9223372036849927804,4,CN,C4,11,27,7,2018,Positivo,2018-07-27,12626799.0,2018-07-27,-9223372036849927804_2018-07-27
138,-9223372036213138718,-9223372036849623609,4,CN,C4,11,27,7,2018,Positivo,2018-07-27,12626937.0,2018-07-27,-9223372036849623609_2018-07-27
139,-9223372036213140293,-9223372036849927831,4,CN,C4,11,27,7,2018,Positivo,2018-07-27,12626492.0,2018-07-27,-9223372036849927831_2018-07-27
140,-9223372036213141381,-9223372036849087542,4,CN,C4,11,27,7,2018,Positivo,2018-07-27,12616053.0,2018-07-27,-9223372036849087542_2018-07-27
141,-9223372036213143236,-9223372036849927625,4,CN,C4,11,27,7,2018,Positivo,2018-07-27,12626879.0,2018-07-27,-9223372036849927625_2018-07-27
142,-9223372036213147213,-9223372036849927666,4,CN,C4,11,27,7,2018,Positivo,2018-07-27,12626812.0,2018-07-27,-9223372036849927666_2018-07-27
143,-9223372036213151040,-9223372036849927689,4,CN,C4,11,27,7,2018,Positivo,2018-07-27,10712718.0,2018-07-27,-9223372036849927689_2018-07-27
144,-9223372036213151565,-9223372036849927926,4,CN,C4,11,27,7,2018,Positivo,2018-07-27,12626698.0,2018-07-27,-9223372036849927926_2018-07-27
145,-9223372036213156265,-9223372036849927951,4,CN,C4,11,27,7,2018,Positivo,2018-07-27,12626941.0,2018-07-27,-9223372036849927951_2018-07-27
146,-9223372036213156717,-9223372036849927795,4,CN,C4,11,27,7,2018,Positivo,2018-07-27,12626790.0,2018-07-27,-9223372036849927795_2018-07-27
147,-9223372036213164506,-9223372036849087003,4,CN,C4,11,27,7,2018,Positivo,2018-07-27,12626787.0,2018-07-27,-9223372036849087003_2018-07-27
148,-9223372036213165823,-9223372036849927750,4,CN,C4,11,27,7,2018,Positivo,2018-07-27,12626623.0,2018-07-27,-9223372036849927750_2018-07-27
149,-9223372036213166568,-9223372036849927772,4,CN,C4,11,27,7,2018,Positivo,2018-07-27,12626847.0,2018-07-27,-9223372036849927772_2018-07-27
150,-9223372036213175044,-9223372036849927814,4,CN,C4,11,27,7,2018,Positivo,2018-07-27,12626992.0,2018-07-27,-9223372036849927814_2018-07-27
151,-9223372036213180527,-9223372036849927994,4,CN,C4,11,27,7,2018,Positivo,2018-07-27,12626617.0,2018-07-27,-9223372036849927994_2018-07-27
152,-9223372036213181975,-9223372036849927973,4,CN,C4,11,27,7,2018,Positivo,2018-07-27,12626835.0,2018-07-27,-9223372036849927973_2018-07-27
153,-9223372036213189008,-9223372036849927702,4,CN,C4,11,27,7,2018,Positivo,2018-07-27,12626975.0,2018-07-27,-9223372036849927702_2018-07-27
154,-9223372036213190200,-9223372036849623623,4,CN,C4,11,27,7,2018,Positivo,2018-07-27,12626792.0,2018-07-27,-9223372036849623623_2018-07-27
155,-9223372036213192472,-9223372036849927902,4,CN,C4,11,27,7,2018,Positivo,2018-07-27,12626887.0,2018-07-27,-9223372036849927902_2018-07-27
156,-9223372036213202614,-9223372036849927941,4,CN,C4,11,27,7,2018,Positivo,2018-07-27,12626700.0,2018-07-27,-9223372036849927941_2018-07-27
157,-9223372036213203567,-9223372036849995229,1,TO,C4,11,16,7,2018,Negativo,2018-07-16,12280316.0,2018-07-16,-9223372036849995229_2018-07-16
158,-9223372036213219044,-9223372036849995209,1,TO,C4,11,16,7,2018,Negativo,2018-07-16,12280561.0,2018-07-16,-9223372036849995209_2018-07-16
159,-9223372036213224817,-9223372036849927612,4,CN,C4,11,27,7,2018,Positivo,2018-07-27,12626629.0,2018-07-27,-9223372036849927612_2018-07-27
160,-9223372036213225278,-9223372036849927784,4,CN,C4,11,27,7,2018,Positivo,2018-07-27,12626857.0,2018-07-27,-9223372036849927784_2018-07-27
161,-9223372036213230314,-9223372036848657738,1,TO,C4,11,16,7,2018,Negativo,2018-07-16,12280282.0,2018-07-16,-9223372036848657738_2018-07-16
162,-9223372036213231498,-9223372036849927714,4,CN,C4,11,27,7,2018,Positivo,2018-07-27,12626892.0,2018-07-27,-9223372036849927714_2018-07-27
163,-9223372036212599842,-9223372036849705754,96,BI,C4,11,11,4,2019,Negativo,2019-04-11,17919748.0,2019-04-11,-9223372036849705754_2019-04-11
164,-9223372036212599845,-9223372036849705756,96,BI,C4,11,11,4,2019,Negativo,2019-04-11,17975835.0,2019-04-11,-9223372036849705756_2019-04-11
165,-9223372036212600354,-9223372036849312648,1,TO,C4,11,4,4,2019,Positivo,2019-04-04,17980392.0,2019-04-04,-9223372036849312648_2019-04-04
166,-9223372036212601849,-9223372036849086309,4,CN,C4,11,11,4,2019,Positivo,2019-04-11,17894299.0,2019-04-11,-9223372036849086309_2019-04-11
167,-9223372036212689009,-9223372036850549715,1,TO,C4,11,19,4,2019,Positivo,2019-04-19,14363461.0,2019-04-19,-9223372036850549715_2019-04-19
168,-9223372036212606263,-9223372036849156003,1,TO,C4,11,2,8,2019,Positivo,2019-08-02,18004970.0,2019-08-02,-9223372036849156003_2019-08-02
169,-9223372036212624716,-9223372036850028788,1,TO,C4,11,5,8,2019,Negativo,2019-08-05,15402183.0,2019-08-05,-9223372036850028788_2019-08-05
170,-9223372036212624723,-9223372036850028804,1,TO,C4,11,5,8,2019,Negativo,2019-08-05,15402981.0,2019-08-05,-9223372036850028804_2019-08-05
171,-9223372036212615834,-9223372036848657738,1,TO,C4,11,18,12,2019,Negativo,2019-12-18,14412097.0,2019-12-18,-9223372036848657738_2019-12-18
172,-9223372036212615907,-9223372036849995209,1,TO,C4,11,18,12,2019,Negativo,2019-12-18,14412059.0,2019-12-18,-9223372036849995209_2019-12-18
173,-9223372036212615909,-9223372036849995229,1,TO,C4,11,18,12,2019,Negativo,2019-12-18,14412347.0,2019-12-18,-9223372036849995229_2019-12-18
174,-9223372036212263139,-9223372036849312648,1,TO,C4,11,28,4,2020,Positivo,2020-04-28,21320497.0,2020-04-28,-9223372036849312648_2020-04-28
175,-9223372036211571063,-9223372036849927714,4,CN,C4,11,26,2,2021,Vaccinato,2021-02-26,30927926.0,2021-02-26,-9223372036849927714_2021-02-26
176,-9223372036211571098,-9223372036849927951,4,CN,C4,11,26,2,2021,Vaccinato,2021-02-26,30928429.0,2021-02-26,-9223372036849927951_2021-02-26
177,-9223372036211571125,-9223372036849927994,4,CN,C4,11,26,2,2021,Vaccinato,2021-02-26,30927244.0,2021-02-26,-9223372036849927994_2021-02-26
178,-9223372036211571160,-9223372036849927666,4,CN,C4,11,26,2,2021,Vaccinato,2021-02-26,30927395.0,2021-02-26,-9223372036849927666_2021-02-26
179,-9223372036211571193,-9223372036849927612,4,CN,C4,11,26,2,2021,Vaccinato,2021-02-26,30927444.0,2021-02-26,-9223372036849927612_2021-02-26
180,-9223372036211571220,-9223372036849927759,4,CN,C4,11,26,2,2021,Vaccinato,2021-02-26,30927562.0,2021-02-26,-9223372036849927759_2021-02-26
181,-9223372036211571231,-9223372036849623607,4,CN,C4,11,26,2,2021,Vaccinato,2021-02-26,30927566.0,2021-02-26,-9223372036849623607_2021-02-26
182,-9223372036211571289,-9223372036849927985,4,CN,C4,11,26,2,2021,Vaccinato,2021-02-26,30927646.0,2021-02-26,-9223372036849927985_2021-02-26
183,-9223372036211571320,-9223372036849927824,4,CN,C4,11,26,2,2021,Vaccinato,2021-02-26,30927655.0,2021-02-26,-9223372036849927824_2021-02-26
184,-9223372036211571333,-9223372036849236106,4,CN,C4,11,26,2,2021,Vaccinato,2021-02-26,30927662.0,2021-02-26,-9223372036849236106_2021-02-26
185,-9223372036211571354,-9223372036849623609,4,CN,C4,11,26,2,2021,Vaccinato,2021-02-26,30927709.0,2021-02-26,-9223372036849623609_2021-02-26
186,-9223372036211571381,-9223372036849927784,4,CN,C4,11,26,2,2021,Vaccinato,2021-02-26,30927721.0,2021-02-26,-9223372036849927784_2021-02-26
187,-9223372036211571408,-9223372036849927702,4,CN,C4,11,26,2,2021,Vaccinato,2021-02-26,30927722.0,2021-02-26,-9223372036849927702_2021-02-26
188,-9223372036211571433,-9223372036849927961,4,CN,C4,11,26,2,2021,Vaccinato,2021-02-26,30927819.0,2021-02-26,-9223372036849927961_2021-02-26
189,-9223372036211571458,-9223372036849927973,4,CN,C4,11,26,2,2021,Vaccinato,2021-02-26,30927879.0,2021-02-26,-9223372036849927973_2021-02-26
190,-9223372036211571469,-9223372036849927750,4,CN,C4,11,26,2,2021,Vaccinato,2021-02-26,30927892.0,2021-02-26,-9223372036849927750_2021-02-26
191,-9223372036211571498,-9223372036849623626,4,CN,C4,11,26,2,2021,Vaccinato,2021-02-26,30927909.0,2021-02-26,-9223372036849623626_2021-02-26
192,-9223372036211571522,-9223372036849623623,4,CN,C4,11,26,2,2021,Vaccinato,2021-02-26,30927910.0,2021-02-26,-9223372036849623623_2021-02-26
193,-9223372036211571548,-9223372036849927804,4,CN,C4,11,26,2,2021,Vaccinato,2021-02-26,30927920.0,2021-02-26,-9223372036849927804_2021-02-26
194,-9223372036211571567,-9223372036849623422,4,CN,C4,11,26,2,2021,Vaccinato,2021-02-26,30928887.0,2021-02-26,-9223372036849623422_2021-02-26
195,-9223372036211571580,-9223372036849236105,4,CN,C4,11,26,2,2021,Vaccinato,2021-02-26,30927797.0,2021-02-26,-9223372036849236105_2021-02-26
196,-9223372036211409590,-9223372036849202729,96,BI,C4,11,10,5,2021,Vaccinato,2021-05-10,35387620.0,2021-05-10,-9223372036849202729_2021-05-10
197,-9223372036211409769,-9223372036849240725,96,BI,C4,11,10,5,2021,Vaccinato,2021-05-10,35387390.0,2021-05-10,-9223372036849240725_2021-05-10
198,-9223372035251011525,-9223372036849240724,96,BI,C4,11,3,11,2021,Negativo,2021-11-03,37593524.0,2021-11-03,-9223372036849240724_2021-11-03
199,-9223372035251011552,-9223372036849240725,96,BI,C4,11,3,11,2021,Negativo,2021-11-03,37593877.0,2021-11-03,-9223372036849240725_2021-11-03
200,-9223372035251011558,-9223372036849202729,96,BI,C4,11,3,11,2021,Negativo,2021-11-03,37593697.0,2021-11-03,-9223372036849202729_2021-11-03
